nome_cs,faixa_etaria,pop_faixa
CENTRO DE SAUDE AARAO REIS,0-4,523
CENTRO DE SAUDE AARAO REIS,5-9,628
CENTRO DE SAUDE AARAO REIS,10-14,615
CENTRO DE SAUDE AARAO REIS,15-19,727
CENTRO DE SAUDE AARAO REIS,20-24,949
CENTRO DE SAUDE AARAO REIS,25-29,920
CENTRO DE SAUDE AARAO REIS,30-39,1648
CENTRO DE SAUDE AARAO REIS,40-49,1864
CENTRO DE SAUDE AARAO REIS,50-59,1665
CENTRO DE SAUDE AARAO REIS,60-69,1135
CENTRO DE SAUDE AARAO REIS,70+,976
CENTRO DE SAUDE ALCIDES LINS,0-4,627
CENTRO DE SAUDE ALCIDES LINS,5-9,739
CENTRO DE SAUDE ALCIDES LINS,10-14,708
CENTRO DE SAUDE ALCIDES LINS,15-19,901
CENTRO DE SAUDE ALCIDES LINS,20-24,1050
CENTRO DE SAUDE ALCIDES LINS,25-29,1204
CENTRO DE SAUDE ALCIDES LINS,30-39,2462
CENTRO DE SAUDE ALCIDES LINS,40-49,2427
CENTRO DE SAUDE ALCIDES LINS,50-59,2293
CENTRO DE SAUDE ALCIDES LINS,60-69,2300
CENTRO DE SAUDE ALCIDES LINS,70+,2098
CENTRO DE SAUDE ALTO VERA CRUZ,0-4,660
CENTRO DE SAUDE ALTO VERA CRUZ,5-9,785
CENTRO DE SAUDE ALTO VERA CRUZ,10-14,824
CENTRO DE SAUDE ALTO VERA CRUZ,15-19,933
CENTRO DE SAUDE ALTO VERA CRUZ,20-24,1003
CENTRO DE SAUDE ALTO VERA CRUZ,25-29,962
CENTRO DE SAUDE ALTO VERA CRUZ,30-39,1660
CENTRO DE SAUDE ALTO VERA CRUZ,40-49,1673
CENTRO DE SAUDE ALTO VERA CRUZ,50-59,1468
CENTRO DE SAUDE ALTO VERA CRUZ,60-69,973
CENTRO DE SAUDE ALTO VERA CRUZ,70+,734
CENTRO DE SAUDE AMILCAR VIANA MARTINS,0-4,578
CENTRO DE SAUDE AMILCAR VIANA MARTINS,5-9,615
CENTRO DE SAUDE AMILCAR VIANA MARTINS,10-14,609
CENTRO DE SAUDE AMILCAR VIANA MARTINS,15-19,721
CENTRO DE SAUDE AMILCAR VIANA MARTINS,20-24,875
CENTRO DE SAUDE AMILCAR VIANA MARTINS,25-29,982
CENTRO DE SAUDE AMILCAR VIANA MARTINS,30-39,2180
CENTRO DE SAUDE AMILCAR VIANA MARTINS,40-49,2034
CENTRO DE SAUDE AMILCAR VIANA MARTINS,50-59,1692
CENTRO DE SAUDE AMILCAR VIANA MARTINS,60-69,1255
CENTRO DE SAUDE AMILCAR VIANA MARTINS,70+,1156
CENTRO DE SAUDE ANDRADAS,0-4,795
CENTRO DE SAUDE ANDRADAS,5-9,949
CENTRO DE SAUDE ANDRADAS,10-14,994
CENTRO DE SAUDE ANDRADAS,15-19,1103
CENTRO DE SAUDE ANDRADAS,20-24,1323
CENTRO DE SAUDE ANDRADAS,25-29,1449
CENTRO DE SAUDE ANDRADAS,30-39,2804
CENTRO DE SAUDE ANDRADAS,40-49,2958
CENTRO DE SAUDE ANDRADAS,50-59,2487
CENTRO DE SAUDE ANDRADAS,60-69,1780
CENTRO DE SAUDE ANDRADAS,70+,1431
CENTRO DE SAUDE BAIRRO DAS INDUSTRIAS - CENTRO DE SAUDE DR. JOSE DOMINGOS,0-4,676
CENTRO DE SAUDE BAIRRO DAS INDUSTRIAS - CENTRO DE SAUDE DR. JOSE DOMINGOS,5-9,759
CENTRO DE SAUDE BAIRRO DAS INDUSTRIAS - CENTRO DE SAUDE DR. JOSE DOMINGOS,10-14,806
CENTRO DE SAUDE BAIRRO DAS INDUSTRIAS - CENTRO DE SAUDE DR. JOSE DOMINGOS,15-19,900
CENTRO DE SAUDE BAIRRO DAS INDUSTRIAS - CENTRO DE SAUDE DR. JOSE DOMINGOS,20-24,1037
CENTRO DE SAUDE BAIRRO DAS INDUSTRIAS - CENTRO DE SAUDE DR. JOSE DOMINGOS,25-29,992
CENTRO DE SAUDE BAIRRO DAS INDUSTRIAS - CENTRO DE SAUDE DR. JOSE DOMINGOS,30-39,1971
CENTRO DE SAUDE BAIRRO DAS INDUSTRIAS - CENTRO DE SAUDE DR. JOSE DOMINGOS,40-49,2116
CENTRO DE SAUDE BAIRRO DAS INDUSTRIAS - CENTRO DE SAUDE DR. JOSE DOMINGOS,50-59,1911
CENTRO DE SAUDE BAIRRO DAS INDUSTRIAS - CENTRO DE SAUDE DR. JOSE DOMINGOS,60-69,1309
CENTRO DE SAUDE BAIRRO DAS INDUSTRIAS - CENTRO DE SAUDE DR. JOSE DOMINGOS,70+,1359
CENTRO DE SAUDE BARREIRO - CARLOS RENATO DIAS,0-4,761
CENTRO DE SAUDE BARREIRO - CARLOS RENATO DIAS,5-9,909
CENTRO DE SAUDE BARREIRO - CARLOS RENATO DIAS,10-14,963
CENTRO DE SAUDE BARREIRO - CARLOS RENATO DIAS,15-19,1051
CENTRO DE SAUDE BARREIRO - CARLOS RENATO DIAS,20-24,1333
CENTRO DE SAUDE BARREIRO - CARLOS RENATO DIAS,25-29,1424
CENTRO DE SAUDE BARREIRO - CARLOS RENATO DIAS,30-39,2737
CENTRO DE SAUDE BARREIRO - CARLOS RENATO DIAS,40-49,2956
CENTRO DE SAUDE BARREIRO - CARLOS RENATO DIAS,50-59,2790
CENTRO DE SAUDE BARREIRO - CARLOS RENATO DIAS,60-69,2224
CENTRO DE SAUDE BARREIRO - CARLOS RENATO DIAS,70+,2146
CENTRO DE SAUDE BARREIRO DE CIMA,0-4,838
CENTRO DE SAUDE BARREIRO DE CIMA,5-9,960
CENTRO DE SAUDE BARREIRO DE CIMA,10-14,932
CENTRO DE SAUDE BARREIRO DE CIMA,15-19,1004
CENTRO DE SAUDE BARREIRO DE CIMA,20-24,1180
CENTRO DE SAUDE BARREIRO DE CIMA,25-29,1393
CENTRO DE SAUDE BARREIRO DE CIMA,30-39,2699
CENTRO DE SAUDE BARREIRO DE CIMA,40-49,2623
CENTRO DE SAUDE BARREIRO DE CIMA,50-59,2347
CENTRO DE SAUDE BARREIRO DE CIMA,60-69,1783
CENTRO DE SAUDE BARREIRO DE CIMA,70+,1311
CENTRO DE SAUDE BETANIA,0-4,605
CENTRO DE SAUDE BETANIA,5-9,606
CENTRO DE SAUDE BETANIA,10-14,499
CENTRO DE SAUDE BETANIA,15-19,592
CENTRO DE SAUDE BETANIA,20-24,885
CENTRO DE SAUDE BETANIA,25-29,864
CENTRO DE SAUDE BETANIA,30-39,1821
CENTRO DE SAUDE BETANIA,40-49,1711
CENTRO DE SAUDE BETANIA,50-59,1451
CENTRO DE SAUDE BETANIA,60-69,965
CENTRO DE SAUDE BETANIA,70+,840
CENTRO DE SAUDE BOA VISTA,0-4,459
CENTRO DE SAUDE BOA VISTA,5-9,516
CENTRO DE SAUDE BOA VISTA,10-14,563
CENTRO DE SAUDE BOA VISTA,15-19,632
CENTRO DE SAUDE BOA VISTA,20-24,735
CENTRO DE SAUDE BOA VISTA,25-29,741
CENTRO DE SAUDE BOA VISTA,30-39,1391
CENTRO DE SAUDE BOA VISTA,40-49,1440
CENTRO DE SAUDE BOA VISTA,50-59,1443
CENTRO DE SAUDE BOA VISTA,60-69,1177
CENTRO DE SAUDE BOA VISTA,70+,984
CENTRO DE SAUDE BOM JESUS,0-4,380
CENTRO DE SAUDE BOM JESUS,5-9,434
CENTRO DE SAUDE BOM JESUS,10-14,478
CENTRO DE SAUDE BOM JESUS,15-19,536
CENTRO DE SAUDE BOM JESUS,20-24,653
CENTRO DE SAUDE BOM JESUS,25-29,688
CENTRO DE SAUDE BOM JESUS,30-39,1379
CENTRO DE SAUDE BOM JESUS,40-49,1343
CENTRO DE SAUDE BOM JESUS,50-59,1462
CENTRO DE SAUDE BOM JESUS,60-69,1370
CENTRO DE SAUDE BOM JESUS,70+,1221
CENTRO DE SAUDE BONSUCESSO,0-4,769
CENTRO DE SAUDE BONSUCESSO,5-9,869
CENTRO DE SAUDE BONSUCESSO,10-14,877
CENTRO DE SAUDE BONSUCESSO,15-19,915
CENTRO DE SAUDE BONSUCESSO,20-24,1126
CENTRO DE SAUDE BONSUCESSO,25-29,981
CENTRO DE SAUDE BONSUCESSO,30-39,2047
CENTRO DE SAUDE BONSUCESSO,40-49,1944
CENTRO DE SAUDE BONSUCESSO,50-59,1459
CENTRO DE SAUDE BONSUCESSO,60-69,934
CENTRO DE SAUDE BONSUCESSO,70+,565
CENTRO DE SAUDE CABANA,0-4,809
CENTRO DE SAUDE CABANA,5-9,889
CENTRO DE SAUDE CABANA,10-14,987
CENTRO DE SAUDE CABANA,15-19,1032
CENTRO DE SAUDE CABANA,20-24,1306
CENTRO DE SAUDE CABANA,25-29,1228
CENTRO DE SAUDE CABANA,30-39,2476
CENTRO DE SAUDE CABANA,40-49,2491
CENTRO DE SAUDE CABANA,50-59,2184
CENTRO DE SAUDE CABANA,60-69,1714
CENTRO DE SAUDE CABANA,70+,1464
CENTRO DE SAUDE CACHOEIRINHA,0-4,492
CENTRO DE SAUDE CACHOEIRINHA,5-9,600
CENTRO DE SAUDE CACHOEIRINHA,10-14,541
CENTRO DE SAUDE CACHOEIRINHA,15-19,638
CENTRO DE SAUDE CACHOEIRINHA,20-24,830
CENTRO DE SAUDE CACHOEIRINHA,25-29,950
CENTRO DE SAUDE CACHOEIRINHA,30-39,1963
CENTRO DE SAUDE CACHOEIRINHA,40-49,1909
CENTRO DE SAUDE CACHOEIRINHA,50-59,1956
CENTRO DE SAUDE CACHOEIRINHA,60-69,1919
CENTRO DE SAUDE CACHOEIRINHA,70+,1975
CENTRO DE SAUDE CAFEZAL,0-4,745
CENTRO DE SAUDE CAFEZAL,5-9,792
CENTRO DE SAUDE CAFEZAL,10-14,694
CENTRO DE SAUDE CAFEZAL,15-19,797
CENTRO DE SAUDE CAFEZAL,20-24,939
CENTRO DE SAUDE CAFEZAL,25-29,938
CENTRO DE SAUDE CAFEZAL,30-39,1528
CENTRO DE SAUDE CAFEZAL,40-49,1332
CENTRO DE SAUDE CAFEZAL,50-59,897
CENTRO DE SAUDE CAFEZAL,60-69,487
CENTRO DE SAUDE CAFEZAL,70+,362
CENTRO DE SAUDE CALIFORNIA,0-4,790
CENTRO DE SAUDE CALIFORNIA,5-9,924
CENTRO DE SAUDE CALIFORNIA,10-14,835
CENTRO DE SAUDE CALIFORNIA,15-19,921
CENTRO DE SAUDE CALIFORNIA,20-24,1147
CENTRO DE SAUDE CALIFORNIA,25-29,1192
CENTRO DE SAUDE CALIFORNIA,30-39,2639
CENTRO DE SAUDE CALIFORNIA,40-49,2399
CENTRO DE SAUDE CALIFORNIA,50-59,2023
CENTRO DE SAUDE CALIFORNIA,60-69,1641
CENTRO DE SAUDE CALIFORNIA,70+,1316
CENTRO DE SAUDE CAMARGOS,0-4,662
CENTRO DE SAUDE CAMARGOS,5-9,797
CENTRO DE SAUDE CAMARGOS,10-14,678
CENTRO DE SAUDE CAMARGOS,15-19,670
CENTRO DE SAUDE CAMARGOS,20-24,861
CENTRO DE SAUDE CAMARGOS,25-29,1059
CENTRO DE SAUDE CAMARGOS,30-39,2530
CENTRO DE SAUDE CAMARGOS,40-49,2352
CENTRO DE SAUDE CAMARGOS,50-59,1718
CENTRO DE SAUDE CAMARGOS,60-69,1125
CENTRO DE SAUDE CAMARGOS,70+,786
CENTRO DE SAUDE CAMPO ALEGRE,0-4,726
CENTRO DE SAUDE CAMPO ALEGRE,5-9,821
CENTRO DE SAUDE CAMPO ALEGRE,10-14,865
CENTRO DE SAUDE CAMPO ALEGRE,15-19,1005
CENTRO DE SAUDE CAMPO ALEGRE,20-24,1316
CENTRO DE SAUDE CAMPO ALEGRE,25-29,1276
CENTRO DE SAUDE CAMPO ALEGRE,30-39,2972
CENTRO DE SAUDE CAMPO ALEGRE,40-49,3025
CENTRO DE SAUDE CAMPO ALEGRE,50-59,2511
CENTRO DE SAUDE CAMPO ALEGRE,60-69,1765
CENTRO DE SAUDE CAMPO ALEGRE,70+,1765
CENTRO DE SAUDE CAPITAO EDUARDO,0-4,284
CENTRO DE SAUDE CAPITAO EDUARDO,5-9,355
CENTRO DE SAUDE CAPITAO EDUARDO,10-14,290
CENTRO DE SAUDE CAPITAO EDUARDO,15-19,315
CENTRO DE SAUDE CAPITAO EDUARDO,20-24,409
CENTRO DE SAUDE CAPITAO EDUARDO,25-29,389
CENTRO DE SAUDE CAPITAO EDUARDO,30-39,700
CENTRO DE SAUDE CAPITAO EDUARDO,40-49,682
CENTRO DE SAUDE CAPITAO EDUARDO,50-59,525
CENTRO DE SAUDE CAPITAO EDUARDO,60-69,376
CENTRO DE SAUDE CAPITAO EDUARDO,70+,224
CENTRO DE SAUDE CARLOS CHAGAS,0-4,450
CENTRO DE SAUDE CARLOS CHAGAS,5-9,444
CENTRO DE SAUDE CARLOS CHAGAS,10-14,477
CENTRO DE SAUDE CARLOS CHAGAS,15-19,994
CENTRO DE SAUDE CARLOS CHAGAS,20-24,2663
CENTRO DE SAUDE CARLOS CHAGAS,25-29,2735
CENTRO DE SAUDE CARLOS CHAGAS,30-39,3860
CENTRO DE SAUDE CARLOS CHAGAS,40-49,2544
CENTRO DE SAUDE CARLOS CHAGAS,50-59,2375
CENTRO DE SAUDE CARLOS CHAGAS,60-69,2640
CENTRO DE SAUDE CARLOS CHAGAS,70+,3806
CENTRO DE SAUDE CARLOS PRATES,0-4,896
CENTRO DE SAUDE CARLOS PRATES,5-9,991
CENTRO DE SAUDE CARLOS PRATES,10-14,1060
CENTRO DE SAUDE CARLOS PRATES,15-19,1239
CENTRO DE SAUDE CARLOS PRATES,20-24,1703
CENTRO DE SAUDE CARLOS PRATES,25-29,2062
CENTRO DE SAUDE CARLOS PRATES,30-39,4248
CENTRO DE SAUDE CARLOS PRATES,40-49,3984
CENTRO DE SAUDE CARLOS PRATES,50-59,3880
CENTRO DE SAUDE CARLOS PRATES,60-69,3980
CENTRO DE SAUDE CARLOS PRATES,70+,4204
CENTRO DE SAUDE CEU AZUL,0-4,929
CENTRO DE SAUDE CEU AZUL,5-9,1051
CENTRO DE SAUDE CEU AZUL,10-14,1050
CENTRO DE SAUDE CEU AZUL,15-19,1171
CENTRO DE SAUDE CEU AZUL,20-24,1421
CENTRO DE SAUDE CEU AZUL,25-29,1300
CENTRO DE SAUDE CEU AZUL,30-39,2607
CENTRO DE SAUDE CEU AZUL,40-49,3073
CENTRO DE SAUDE CEU AZUL,50-59,2284
CENTRO DE SAUDE CEU AZUL,60-69,1696
CENTRO DE SAUDE CEU AZUL,70+,1599
CENTRO DE SAUDE CICERO IDELFONSO,0-4,600
CENTRO DE SAUDE CICERO IDELFONSO,5-9,687
CENTRO DE SAUDE CICERO IDELFONSO,10-14,647
CENTRO DE SAUDE CICERO IDELFONSO,15-19,753
CENTRO DE SAUDE CICERO IDELFONSO,20-24,871
CENTRO DE SAUDE CICERO IDELFONSO,25-29,852
CENTRO DE SAUDE CICERO IDELFONSO,30-39,1539
CENTRO DE SAUDE CICERO IDELFONSO,40-49,1512
CENTRO DE SAUDE CICERO IDELFONSO,50-59,1335
CENTRO DE SAUDE CICERO IDELFONSO,60-69,916
CENTRO DE SAUDE CICERO IDELFONSO,70+,795
CENTRO DE SAUDE CIDADE OZANAN,0-4,921
CENTRO DE SAUDE CIDADE OZANAN,5-9,1036
CENTRO DE SAUDE CIDADE OZANAN,10-14,1028
CENTRO DE SAUDE CIDADE OZANAN,15-19,1190
CENTRO DE SAUDE CIDADE OZANAN,20-24,1477
CENTRO DE SAUDE CIDADE OZANAN,25-29,1706
CENTRO DE SAUDE CIDADE OZANAN,30-39,3880
CENTRO DE SAUDE CIDADE OZANAN,40-49,3561
CENTRO DE SAUDE CIDADE OZANAN,50-59,3478
CENTRO DE SAUDE CIDADE OZANAN,60-69,3263
CENTRO DE SAUDE CIDADE OZANAN,70+,2973
CENTRO DE SAUDE CONFISCO,0-4,572
CENTRO DE SAUDE CONFISCO,5-9,680
CENTRO DE SAUDE CONFISCO,10-14,633
CENTRO DE SAUDE CONFISCO,15-19,690
CENTRO DE SAUDE CONFISCO,20-24,846
CENTRO DE SAUDE CONFISCO,25-29,1007
CENTRO DE SAUDE CONFISCO,30-39,1942
CENTRO DE SAUDE CONFISCO,40-49,1711
CENTRO DE SAUDE CONFISCO,50-59,1453
CENTRO DE SAUDE CONFISCO,60-69,1100
CENTRO DE SAUDE CONFISCO,70+,864
CENTRO DE SAUDE CONJUNTO BETANIA,0-4,357
CENTRO DE SAUDE CONJUNTO BETANIA,5-9,416
CENTRO DE SAUDE CONJUNTO BETANIA,10-14,395
CENTRO DE SAUDE CONJUNTO BETANIA,15-19,536
CENTRO DE SAUDE CONJUNTO BETANIA,20-24,589
CENTRO DE SAUDE CONJUNTO BETANIA,25-29,622
CENTRO DE SAUDE CONJUNTO BETANIA,30-39,1144
CENTRO DE SAUDE CONJUNTO BETANIA,40-49,1345
CENTRO DE SAUDE CONJUNTO BETANIA,50-59,1226
CENTRO DE SAUDE CONJUNTO BETANIA,60-69,839
CENTRO DE SAUDE CONJUNTO BETANIA,70+,944
CENTRO DE SAUDE CONJUNTO PAULO VI,0-4,695
CENTRO DE SAUDE CONJUNTO PAULO VI,5-9,708
CENTRO DE SAUDE CONJUNTO PAULO VI,10-14,635
CENTRO DE SAUDE CONJUNTO PAULO VI,15-19,667
CENTRO DE SAUDE CONJUNTO PAULO VI,20-24,740
CENTRO DE SAUDE CONJUNTO PAULO VI,25-29,759
CENTRO DE SAUDE CONJUNTO PAULO VI,30-39,1467
CENTRO DE SAUDE CONJUNTO PAULO VI,40-49,1313
CENTRO DE SAUDE CONJUNTO PAULO VI,50-59,812
CENTRO DE SAUDE CONJUNTO PAULO VI,60-69,562
CENTRO DE SAUDE CONJUNTO PAULO VI,70+,278
CENTRO DE SAUDE CONJUNTO RIBEIRO DE ABREU - EFIGENIA MURTA FIGUEIREDO,0-4,399
CENTRO DE SAUDE CONJUNTO RIBEIRO DE ABREU - EFIGENIA MURTA FIGUEIREDO,5-9,484
CENTRO DE SAUDE CONJUNTO RIBEIRO DE ABREU - EFIGENIA MURTA FIGUEIREDO,10-14,506
CENTRO DE SAUDE CONJUNTO RIBEIRO DE ABREU - EFIGENIA MURTA FIGUEIREDO,15-19,549
CENTRO DE SAUDE CONJUNTO RIBEIRO DE ABREU - EFIGENIA MURTA FIGUEIREDO,20-24,588
CENTRO DE SAUDE CONJUNTO RIBEIRO DE ABREU - EFIGENIA MURTA FIGUEIREDO,25-29,568
CENTRO DE SAUDE CONJUNTO RIBEIRO DE ABREU - EFIGENIA MURTA FIGUEIREDO,30-39,1182
CENTRO DE SAUDE CONJUNTO RIBEIRO DE ABREU - EFIGENIA MURTA FIGUEIREDO,40-49,1186
CENTRO DE SAUDE CONJUNTO RIBEIRO DE ABREU - EFIGENIA MURTA FIGUEIREDO,50-59,927
CENTRO DE SAUDE CONJUNTO RIBEIRO DE ABREU - EFIGENIA MURTA FIGUEIREDO,60-69,799
CENTRO DE SAUDE CONJUNTO RIBEIRO DE ABREU - EFIGENIA MURTA FIGUEIREDO,70+,554
CENTRO DE SAUDE CONJUNTO SANTA MARIA,0-4,762
CENTRO DE SAUDE CONJUNTO SANTA MARIA,5-9,849
CENTRO DE SAUDE CONJUNTO SANTA MARIA,10-14,849
CENTRO DE SAUDE CONJUNTO SANTA MARIA,15-19,908
CENTRO DE SAUDE CONJUNTO SANTA MARIA,20-24,988
CENTRO DE SAUDE CONJUNTO SANTA MARIA,25-29,896
CENTRO DE SAUDE CONJUNTO SANTA MARIA,30-39,2287
CENTRO DE SAUDE CONJUNTO SANTA MARIA,40-49,2704
CENTRO DE SAUDE CONJUNTO SANTA MARIA,50-59,2484
CENTRO DE SAUDE CONJUNTO SANTA MARIA,60-69,2442
CENTRO DE SAUDE CONJUNTO SANTA MARIA,70+,2321
CENTRO DE SAUDE COPACABANA,0-4,768
CENTRO DE SAUDE COPACABANA,5-9,827
CENTRO DE SAUDE COPACABANA,10-14,864
CENTRO DE SAUDE COPACABANA,15-19,889
CENTRO DE SAUDE COPACABANA,20-24,1174
CENTRO DE SAUDE COPACABANA,25-29,1074
CENTRO DE SAUDE COPACABANA,30-39,2321
CENTRO DE SAUDE COPACABANA,40-49,2352
CENTRO DE SAUDE COPACABANA,50-59,1736
CENTRO DE SAUDE COPACABANA,60-69,1316
CENTRO DE SAUDE COPACABANA,70+,855
CENTRO DE SAUDE COQUEIROS,0-4,702
CENTRO DE SAUDE COQUEIROS,5-9,845
CENTRO DE SAUDE COQUEIROS,10-14,837
CENTRO DE SAUDE COQUEIROS,15-19,957
CENTRO DE SAUDE COQUEIROS,20-24,1119
CENTRO DE SAUDE COQUEIROS,25-29,1082
CENTRO DE SAUDE COQUEIROS,30-39,2156
CENTRO DE SAUDE COQUEIROS,40-49,2365
CENTRO DE SAUDE COQUEIROS,50-59,2181
CENTRO DE SAUDE COQUEIROS,60-69,1760
CENTRO DE SAUDE COQUEIROS,70+,1626
CENTRO DE SAUDE DIAMANTE - TEIXEIRA DIAS,0-4,682
CENTRO DE SAUDE DIAMANTE - TEIXEIRA DIAS,5-9,744
CENTRO DE SAUDE DIAMANTE - TEIXEIRA DIAS,10-14,822
CENTRO DE SAUDE DIAMANTE - TEIXEIRA DIAS,15-19,818
CENTRO DE SAUDE DIAMANTE - TEIXEIRA DIAS,20-24,981
CENTRO DE SAUDE DIAMANTE - TEIXEIRA DIAS,25-29,1028
CENTRO DE SAUDE DIAMANTE - TEIXEIRA DIAS,30-39,2511
CENTRO DE SAUDE DIAMANTE - TEIXEIRA DIAS,40-49,2392
CENTRO DE SAUDE DIAMANTE - TEIXEIRA DIAS,50-59,1873
CENTRO DE SAUDE DIAMANTE - TEIXEIRA DIAS,60-69,1480
CENTRO DE SAUDE DIAMANTE - TEIXEIRA DIAS,70+,1277
CENTRO DE SAUDE DOM BOSCO,0-4,449
CENTRO DE SAUDE DOM BOSCO,5-9,492
CENTRO DE SAUDE DOM BOSCO,10-14,535
CENTRO DE SAUDE DOM BOSCO,15-19,641
CENTRO DE SAUDE DOM BOSCO,20-24,809
CENTRO DE SAUDE DOM BOSCO,25-29,864
CENTRO DE SAUDE DOM BOSCO,30-39,1705
CENTRO DE SAUDE DOM BOSCO,40-49,1674
CENTRO DE SAUDE DOM BOSCO,50-59,1912
CENTRO DE SAUDE DOM BOSCO,60-69,1669
CENTRO DE SAUDE DOM BOSCO,70+,1456
CENTRO DE SAUDE DOM CABRAL,0-4,379
CENTRO DE SAUDE DOM CABRAL,5-9,389
CENTRO DE SAUDE DOM CABRAL,10-14,369
CENTRO DE SAUDE DOM CABRAL,15-19,719
CENTRO DE SAUDE DOM CABRAL,20-24,1452
CENTRO DE SAUDE DOM CABRAL,25-29,1040
CENTRO DE SAUDE DOM CABRAL,30-39,1649
CENTRO DE SAUDE DOM CABRAL,40-49,1483
CENTRO DE SAUDE DOM CABRAL,50-59,1673
CENTRO DE SAUDE DOM CABRAL,60-69,1722
CENTRO DE SAUDE DOM CABRAL,70+,1645
CENTRO DE SAUDE DOM JOAQUIM,0-4,373
CENTRO DE SAUDE DOM JOAQUIM,5-9,360
CENTRO DE SAUDE DOM JOAQUIM,10-14,333
CENTRO DE SAUDE DOM JOAQUIM,15-19,360
CENTRO DE SAUDE DOM JOAQUIM,20-24,437
CENTRO DE SAUDE DOM JOAQUIM,25-29,472
CENTRO DE SAUDE DOM JOAQUIM,30-39,1174
CENTRO DE SAUDE DOM JOAQUIM,40-49,1260
CENTRO DE SAUDE DOM JOAQUIM,50-59,945
CENTRO DE SAUDE DOM JOAQUIM,60-69,680
CENTRO DE SAUDE DOM JOAQUIM,70+,593
CENTRO DE SAUDE DOM ORIONE,0-4,590
CENTRO DE SAUDE DOM ORIONE,5-9,692
CENTRO DE SAUDE DOM ORIONE,10-14,681
CENTRO DE SAUDE DOM ORIONE,15-19,843
CENTRO DE SAUDE DOM ORIONE,20-24,1361
CENTRO DE SAUDE DOM ORIONE,25-29,1262
CENTRO DE SAUDE DOM ORIONE,30-39,2261
CENTRO DE SAUDE DOM ORIONE,40-49,2294
CENTRO DE SAUDE DOM ORIONE,50-59,2001
CENTRO DE SAUDE DOM ORIONE,60-69,1683
CENTRO DE SAUDE DOM ORIONE,70+,2246
CENTRO DE SAUDE ERMELINDA,0-4,801
CENTRO DE SAUDE ERMELINDA,5-9,924
CENTRO DE SAUDE ERMELINDA,10-14,1011
CENTRO DE SAUDE ERMELINDA,15-19,1042
CENTRO DE SAUDE ERMELINDA,20-24,1313
CENTRO DE SAUDE ERMELINDA,25-29,1393
CENTRO DE SAUDE ERMELINDA,30-39,2582
CENTRO DE SAUDE ERMELINDA,40-49,2469
CENTRO DE SAUDE ERMELINDA,50-59,2347
CENTRO DE SAUDE ERMELINDA,60-69,1922
CENTRO DE SAUDE ERMELINDA,70+,1561
CENTRO DE SAUDE ETELVINA CARNEIRO,0-4,896
CENTRO DE SAUDE ETELVINA CARNEIRO,5-9,1045
CENTRO DE SAUDE ETELVINA CARNEIRO,10-14,1018
CENTRO DE SAUDE ETELVINA CARNEIRO,15-19,1008
CENTRO DE SAUDE ETELVINA CARNEIRO,20-24,1284
CENTRO DE SAUDE ETELVINA CARNEIRO,25-29,1196
CENTRO DE SAUDE ETELVINA CARNEIRO,30-39,2452
CENTRO DE SAUDE ETELVINA CARNEIRO,40-49,2403
CENTRO DE SAUDE ETELVINA CARNEIRO,50-59,1718
CENTRO DE SAUDE ETELVINA CARNEIRO,60-69,1280
CENTRO DE SAUDE ETELVINA CARNEIRO,70+,756
CENTRO DE SAUDE FELICIDADE II,0-4,448
CENTRO DE SAUDE FELICIDADE II,5-9,536
CENTRO DE SAUDE FELICIDADE II,10-14,512
CENTRO DE SAUDE FELICIDADE II,15-19,531
CENTRO DE SAUDE FELICIDADE II,20-24,633
CENTRO DE SAUDE FELICIDADE II,25-29,577
CENTRO DE SAUDE FELICIDADE II,30-39,1213
CENTRO DE SAUDE FELICIDADE II,40-49,1053
CENTRO DE SAUDE FELICIDADE II,50-59,845
CENTRO DE SAUDE FELICIDADE II,60-69,717
CENTRO DE SAUDE FELICIDADE II,70+,409
CENTRO DE SAUDE FLORAMAR,0-4,304
CENTRO DE SAUDE FLORAMAR,5-9,425
CENTRO DE SAUDE FLORAMAR,10-14,409
CENTRO DE SAUDE FLORAMAR,15-19,501
CENTRO DE SAUDE FLORAMAR,20-24,544
CENTRO DE SAUDE FLORAMAR,25-29,547
CENTRO DE SAUDE FLORAMAR,30-39,1176
CENTRO DE SAUDE FLORAMAR,40-49,1356
CENTRO DE SAUDE FLORAMAR,50-59,1166
CENTRO DE SAUDE FLORAMAR,60-69,811
CENTRO DE SAUDE FLORAMAR,70+,803
CENTRO DE SAUDE GENTIL GOMES,0-4,542
CENTRO DE SAUDE GENTIL GOMES,5-9,589
CENTRO DE SAUDE GENTIL GOMES,10-14,604
CENTRO DE SAUDE GENTIL GOMES,15-19,697
CENTRO DE SAUDE GENTIL GOMES,20-24,840
CENTRO DE SAUDE GENTIL GOMES,25-29,884
CENTRO DE SAUDE GENTIL GOMES,30-39,1839
CENTRO DE SAUDE GENTIL GOMES,40-49,1850
CENTRO DE SAUDE GENTIL GOMES,50-59,1862
CENTRO DE SAUDE GENTIL GOMES,60-69,1749
CENTRO DE SAUDE GENTIL GOMES,70+,1365
CENTRO DE SAUDE GLORIA,0-4,297
CENTRO DE SAUDE GLORIA,5-9,428
CENTRO DE SAUDE GLORIA,10-14,455
CENTRO DE SAUDE GLORIA,15-19,546
CENTRO DE SAUDE GLORIA,20-24,634
CENTRO DE SAUDE GLORIA,25-29,678
CENTRO DE SAUDE GLORIA,30-39,1221
CENTRO DE SAUDE GLORIA,40-49,1365
CENTRO DE SAUDE GLORIA,50-59,1555
CENTRO DE SAUDE GLORIA,60-69,1253
CENTRO DE SAUDE GLORIA,70+,1097
CENTRO DE SAUDE GOIANIA,0-4,1082
CENTRO DE SAUDE GOIANIA,5-9,1168
CENTRO DE SAUDE GOIANIA,10-14,1237
CENTRO DE SAUDE GOIANIA,15-19,1240
CENTRO DE SAUDE GOIANIA,20-24,1538
CENTRO DE SAUDE GOIANIA,25-29,1404
CENTRO DE SAUDE GOIANIA,30-39,2721
CENTRO DE SAUDE GOIANIA,40-49,2916
CENTRO DE SAUDE GOIANIA,50-59,2415
CENTRO DE SAUDE GOIANIA,60-69,1599
CENTRO DE SAUDE GOIANIA,70+,1361
CENTRO DE SAUDE GRANJA DE FREITAS,0-4,509
CENTRO DE SAUDE GRANJA DE FREITAS,5-9,507
CENTRO DE SAUDE GRANJA DE FREITAS,10-14,568
CENTRO DE SAUDE GRANJA DE FREITAS,15-19,618
CENTRO DE SAUDE GRANJA DE FREITAS,20-24,650
CENTRO DE SAUDE GRANJA DE FREITAS,25-29,645
CENTRO DE SAUDE GRANJA DE FREITAS,30-39,1110
CENTRO DE SAUDE GRANJA DE FREITAS,40-49,932
CENTRO DE SAUDE GRANJA DE FREITAS,50-59,706
CENTRO DE SAUDE GRANJA DE FREITAS,60-69,455
CENTRO DE SAUDE GRANJA DE FREITAS,70+,241
CENTRO DE SAUDE GUARANI,0-4,324
CENTRO DE SAUDE GUARANI,5-9,376
CENTRO DE SAUDE GUARANI,10-14,387
CENTRO DE SAUDE GUARANI,15-19,464
CENTRO DE SAUDE GUARANI,20-24,567
CENTRO DE SAUDE GUARANI,25-29,610
CENTRO DE SAUDE GUARANI,30-39,1129
CENTRO DE SAUDE GUARANI,40-49,1234
CENTRO DE SAUDE GUARANI,50-59,1230
CENTRO DE SAUDE GUARANI,60-69,978
CENTRO DE SAUDE GUARANI,70+,893
CENTRO DE SAUDE HAVAI,0-4,1544
CENTRO DE SAUDE HAVAI,5-9,1752
CENTRO DE SAUDE HAVAI,10-14,1653
CENTRO DE SAUDE HAVAI,15-19,1611
CENTRO DE SAUDE HAVAI,20-24,1957
CENTRO DE SAUDE HAVAI,25-29,2386
CENTRO DE SAUDE HAVAI,30-39,5228
CENTRO DE SAUDE HAVAI,40-49,5551
CENTRO DE SAUDE HAVAI,50-59,3768
CENTRO DE SAUDE HAVAI,60-69,2750
CENTRO DE SAUDE HAVAI,70+,1892
CENTRO DE SAUDE HELIOPOLIS,0-4,834
CENTRO DE SAUDE HELIOPOLIS,5-9,893
CENTRO DE SAUDE HELIOPOLIS,10-14,918
CENTRO DE SAUDE HELIOPOLIS,15-19,956
CENTRO DE SAUDE HELIOPOLIS,20-24,1246
CENTRO DE SAUDE HELIOPOLIS,25-29,1210
CENTRO DE SAUDE HELIOPOLIS,30-39,2631
CENTRO DE SAUDE HELIOPOLIS,40-49,2740
CENTRO DE SAUDE HELIOPOLIS,50-59,2296
CENTRO DE SAUDE HELIOPOLIS,60-69,1485
CENTRO DE SAUDE HELIOPOLIS,70+,1067
CENTRO DE SAUDE HORTO,0-4,1260
CENTRO DE SAUDE HORTO,5-9,1316
CENTRO DE SAUDE HORTO,10-14,1355
CENTRO DE SAUDE HORTO,15-19,1497
CENTRO DE SAUDE HORTO,20-24,2139
CENTRO DE SAUDE HORTO,25-29,2944
CENTRO DE SAUDE HORTO,30-39,6399
CENTRO DE SAUDE HORTO,40-49,5423
CENTRO DE SAUDE HORTO,50-59,5011
CENTRO DE SAUDE HORTO,60-69,5102
CENTRO DE SAUDE HORTO,70+,5408
CENTRO DE SAUDE INDEPENDENCIA,0-4,828
CENTRO DE SAUDE INDEPENDENCIA,5-9,970
CENTRO DE SAUDE INDEPENDENCIA,10-14,1040
CENTRO DE SAUDE INDEPENDENCIA,15-19,1118
CENTRO DE SAUDE INDEPENDENCIA,20-24,1223
CENTRO DE SAUDE INDEPENDENCIA,25-29,1158
CENTRO DE SAUDE INDEPENDENCIA,30-39,2300
CENTRO DE SAUDE INDEPENDENCIA,40-49,2534
CENTRO DE SAUDE INDEPENDENCIA,50-59,1767
CENTRO DE SAUDE INDEPENDENCIA,60-69,1458
CENTRO DE SAUDE INDEPENDENCIA,70+,1051
CENTRO DE SAUDE ITAIPU - JATOBA,0-4,777
CENTRO DE SAUDE ITAIPU - JATOBA,5-9,907
CENTRO DE SAUDE ITAIPU - JATOBA,10-14,927
CENTRO DE SAUDE ITAIPU - JATOBA,15-19,1013
CENTRO DE SAUDE ITAIPU - JATOBA,20-24,1173
CENTRO DE SAUDE ITAIPU - JATOBA,25-29,1218
CENTRO DE SAUDE ITAIPU - JATOBA,30-39,2170
CENTRO DE SAUDE ITAIPU - JATOBA,40-49,2191
CENTRO DE SAUDE ITAIPU - JATOBA,50-59,1948
CENTRO DE SAUDE ITAIPU - JATOBA,60-69,1374
CENTRO DE SAUDE ITAIPU - JATOBA,70+,890
CENTRO DE SAUDE ITAMARATI,0-4,683
CENTRO DE SAUDE ITAMARATI,5-9,723
CENTRO DE SAUDE ITAMARATI,10-14,725
CENTRO DE SAUDE ITAMARATI,15-19,835
CENTRO DE SAUDE ITAMARATI,20-24,1252
CENTRO DE SAUDE ITAMARATI,25-29,1245
CENTRO DE SAUDE ITAMARATI,30-39,2696
CENTRO DE SAUDE ITAMARATI,40-49,2520
CENTRO DE SAUDE ITAMARATI,50-59,1904
CENTRO DE SAUDE ITAMARATI,60-69,1405
CENTRO DE SAUDE ITAMARATI,70+,1511
CENTRO DE SAUDE JAQUELINE,0-4,411
CENTRO DE SAUDE JAQUELINE,5-9,511
CENTRO DE SAUDE JAQUELINE,10-14,468
CENTRO DE SAUDE JAQUELINE,15-19,494
CENTRO DE SAUDE JAQUELINE,20-24,603
CENTRO DE SAUDE JAQUELINE,25-29,580
CENTRO DE SAUDE JAQUELINE,30-39,1242
CENTRO DE SAUDE JAQUELINE,40-49,1326
CENTRO DE SAUDE JAQUELINE,50-59,889
CENTRO DE SAUDE JAQUELINE,60-69,603
CENTRO DE SAUDE JAQUELINE,70+,489
CENTRO DE SAUDE JAQUELINE II,0-4,539
CENTRO DE SAUDE JAQUELINE II,5-9,596
CENTRO DE SAUDE JAQUELINE II,10-14,579
CENTRO DE SAUDE JAQUELINE II,15-19,626
CENTRO DE SAUDE JAQUELINE II,20-24,767
CENTRO DE SAUDE JAQUELINE II,25-29,772
CENTRO DE SAUDE JAQUELINE II,30-39,1429
CENTRO DE SAUDE JAQUELINE II,40-49,1520
CENTRO DE SAUDE JAQUELINE II,50-59,1252
CENTRO DE SAUDE JAQUELINE II,60-69,845
CENTRO DE SAUDE JAQUELINE II,70+,618
CENTRO DE SAUDE JARDIM ALVORADA,0-4,583
CENTRO DE SAUDE JARDIM ALVORADA,5-9,674
CENTRO DE SAUDE JARDIM ALVORADA,10-14,581
CENTRO DE SAUDE JARDIM ALVORADA,15-19,683
CENTRO DE SAUDE JARDIM ALVORADA,20-24,882
CENTRO DE SAUDE JARDIM ALVORADA,25-29,927
CENTRO DE SAUDE JARDIM ALVORADA,30-39,1552
CENTRO DE SAUDE JARDIM ALVORADA,40-49,1665
CENTRO DE SAUDE JARDIM ALVORADA,50-59,1391
CENTRO DE SAUDE JARDIM ALVORADA,60-69,1010
CENTRO DE SAUDE JARDIM ALVORADA,70+,791
CENTRO DE SAUDE JARDIM DOS COMERCIARIOS,0-4,595
CENTRO DE SAUDE JARDIM DOS COMERCIARIOS,5-9,674
CENTRO DE SAUDE JARDIM DOS COMERCIARIOS,10-14,674
CENTRO DE SAUDE JARDIM DOS COMERCIARIOS,15-19,717
CENTRO DE SAUDE JARDIM DOS COMERCIARIOS,20-24,886
CENTRO DE SAUDE JARDIM DOS COMERCIARIOS,25-29,833
CENTRO DE SAUDE JARDIM DOS COMERCIARIOS,30-39,1692
CENTRO DE SAUDE JARDIM DOS COMERCIARIOS,40-49,1713
CENTRO DE SAUDE JARDIM DOS COMERCIARIOS,50-59,1372
CENTRO DE SAUDE JARDIM DOS COMERCIARIOS,60-69,1067
CENTRO DE SAUDE JARDIM DOS COMERCIARIOS,70+,759
CENTRO DE SAUDE JARDIM EUROPA,0-4,573
CENTRO DE SAUDE JARDIM EUROPA,5-9,726
CENTRO DE SAUDE JARDIM EUROPA,10-14,735
CENTRO DE SAUDE JARDIM EUROPA,15-19,788
CENTRO DE SAUDE JARDIM EUROPA,20-24,1050
CENTRO DE SAUDE JARDIM EUROPA,25-29,932
CENTRO DE SAUDE JARDIM EUROPA,30-39,1747
CENTRO DE SAUDE JARDIM EUROPA,40-49,2099
CENTRO DE SAUDE JARDIM EUROPA,50-59,2025
CENTRO DE SAUDE JARDIM EUROPA,60-69,1354
CENTRO DE SAUDE JARDIM EUROPA,70+,1415
CENTRO DE SAUDE JARDIM FELICIDADE,0-4,549
CENTRO DE SAUDE JARDIM FELICIDADE,5-9,598
CENTRO DE SAUDE JARDIM FELICIDADE,10-14,683
CENTRO DE SAUDE JARDIM FELICIDADE,15-19,754
CENTRO DE SAUDE JARDIM FELICIDADE,20-24,808
CENTRO DE SAUDE JARDIM FELICIDADE,25-29,677
CENTRO DE SAUDE JARDIM FELICIDADE,30-39,1504
CENTRO DE SAUDE JARDIM FELICIDADE,40-49,1665
CENTRO DE SAUDE JARDIM FELICIDADE,50-59,1003
CENTRO DE SAUDE JARDIM FELICIDADE,60-69,959
CENTRO DE SAUDE JARDIM FELICIDADE,70+,689
CENTRO DE SAUDE JARDIM FILADELFIA,0-4,492
CENTRO DE SAUDE JARDIM FILADELFIA,5-9,533
CENTRO DE SAUDE JARDIM FILADELFIA,10-14,534
CENTRO DE SAUDE JARDIM FILADELFIA,15-19,597
CENTRO DE SAUDE JARDIM FILADELFIA,20-24,692
CENTRO DE SAUDE JARDIM FILADELFIA,25-29,747
CENTRO DE SAUDE JARDIM FILADELFIA,30-39,1412
CENTRO DE SAUDE JARDIM FILADELFIA,40-49,1409
CENTRO DE SAUDE JARDIM FILADELFIA,50-59,1341
CENTRO DE SAUDE JARDIM FILADELFIA,60-69,1148
CENTRO DE SAUDE JARDIM FILADELFIA,70+,947
CENTRO DE SAUDE JARDIM GUANABARA,0-4,789
CENTRO DE SAUDE JARDIM GUANABARA,5-9,874
CENTRO DE SAUDE JARDIM GUANABARA,10-14,834
CENTRO DE SAUDE JARDIM GUANABARA,15-19,915
CENTRO DE SAUDE JARDIM GUANABARA,20-24,1114
CENTRO DE SAUDE JARDIM GUANABARA,25-29,1059
CENTRO DE SAUDE JARDIM GUANABARA,30-39,2512
CENTRO DE SAUDE JARDIM GUANABARA,40-49,2545
CENTRO DE SAUDE JARDIM GUANABARA,50-59,1935
CENTRO DE SAUDE JARDIM GUANABARA,60-69,1389
CENTRO DE SAUDE JARDIM GUANABARA,70+,1171
CENTRO DE SAUDE JARDIM LEBLON,0-4,828
CENTRO DE SAUDE JARDIM LEBLON,5-9,908
CENTRO DE SAUDE JARDIM LEBLON,10-14,903
CENTRO DE SAUDE JARDIM LEBLON,15-19,958
CENTRO DE SAUDE JARDIM LEBLON,20-24,1145
CENTRO DE SAUDE JARDIM LEBLON,25-29,1115
CENTRO DE SAUDE JARDIM LEBLON,30-39,2079
CENTRO DE SAUDE JARDIM LEBLON,40-49,2109
CENTRO DE SAUDE JARDIM LEBLON,50-59,1541
CENTRO DE SAUDE JARDIM LEBLON,60-69,1135
CENTRO DE SAUDE JARDIM LEBLON,70+,761
CENTRO DE SAUDE JARDIM MONTANHES,0-4,912
CENTRO DE SAUDE JARDIM MONTANHES,5-9,1004
CENTRO DE SAUDE JARDIM MONTANHES,10-14,1034
CENTRO DE SAUDE JARDIM MONTANHES,15-19,1138
CENTRO DE SAUDE JARDIM MONTANHES,20-24,1549
CENTRO DE SAUDE JARDIM MONTANHES,25-29,1743
CENTRO DE SAUDE JARDIM MONTANHES,30-39,3794
CENTRO DE SAUDE JARDIM MONTANHES,40-49,3586
CENTRO DE SAUDE JARDIM MONTANHES,50-59,3501
CENTRO DE SAUDE JARDIM MONTANHES,60-69,3228
CENTRO DE SAUDE JARDIM MONTANHES,70+,2952
CENTRO DE SAUDE JARDIM VITÓRIA - MARCELO PONTEL GOMES,0-4,755
CENTRO DE SAUDE JARDIM VITÓRIA - MARCELO PONTEL GOMES,5-9,900
CENTRO DE SAUDE JARDIM VITÓRIA - MARCELO PONTEL GOMES,10-14,827
CENTRO DE SAUDE JARDIM VITÓRIA - MARCELO PONTEL GOMES,15-19,854
CENTRO DE SAUDE JARDIM VITÓRIA - MARCELO PONTEL GOMES,20-24,994
CENTRO DE SAUDE JARDIM VITÓRIA - MARCELO PONTEL GOMES,25-29,909
CENTRO DE SAUDE JARDIM VITÓRIA - MARCELO PONTEL GOMES,30-39,1897
CENTRO DE SAUDE JARDIM VITÓRIA - MARCELO PONTEL GOMES,40-49,2405
CENTRO DE SAUDE JARDIM VITÓRIA - MARCELO PONTEL GOMES,50-59,1477
CENTRO DE SAUDE JARDIM VITÓRIA - MARCELO PONTEL GOMES,60-69,796
CENTRO DE SAUDE JARDIM VITÓRIA - MARCELO PONTEL GOMES,70+,449
CENTRO DE SAUDE JOAO PINHEIRO,0-4,423
CENTRO DE SAUDE JOAO PINHEIRO,5-9,515
CENTRO DE SAUDE JOAO PINHEIRO,10-14,486
CENTRO DE SAUDE JOAO PINHEIRO,15-19,516
CENTRO DE SAUDE JOAO PINHEIRO,20-24,825
CENTRO DE SAUDE JOAO PINHEIRO,25-29,814
CENTRO DE SAUDE JOAO PINHEIRO,30-39,1662
CENTRO DE SAUDE JOAO PINHEIRO,40-49,1521
CENTRO DE SAUDE JOAO PINHEIRO,50-59,1618
CENTRO DE SAUDE JOAO PINHEIRO,60-69,1407
CENTRO DE SAUDE JOAO PINHEIRO,70+,1200
CENTRO DE SAUDE JOAO VITAL,0-4,488
CENTRO DE SAUDE JOAO VITAL,5-9,518
CENTRO DE SAUDE JOAO VITAL,10-14,465
CENTRO DE SAUDE JOAO VITAL,15-19,462
CENTRO DE SAUDE JOAO VITAL,20-24,609
CENTRO DE SAUDE JOAO VITAL,25-29,505
CENTRO DE SAUDE JOAO VITAL,30-39,1206
CENTRO DE SAUDE JOAO VITAL,40-49,1047
CENTRO DE SAUDE JOAO VITAL,50-59,630
CENTRO DE SAUDE JOAO VITAL,60-69,357
CENTRO DE SAUDE JOAO VITAL,70+,180
CENTRO DE SAUDE JOAO XXIII,0-4,195
CENTRO DE SAUDE JOAO XXIII,5-9,185
CENTRO DE SAUDE JOAO XXIII,10-14,165
CENTRO DE SAUDE JOAO XXIII,15-19,185
CENTRO DE SAUDE JOAO XXIII,20-24,232
CENTRO DE SAUDE JOAO XXIII,25-29,331
CENTRO DE SAUDE JOAO XXIII,30-39,676
CENTRO DE SAUDE JOAO XXIII,40-49,482
CENTRO DE SAUDE JOAO XXIII,50-59,414
CENTRO DE SAUDE JOAO XXIII,60-69,353
CENTRO DE SAUDE JOAO XXIII,70+,262
CENTRO DE SAUDE LAGOA,0-4,708
CENTRO DE SAUDE LAGOA,5-9,824
CENTRO DE SAUDE LAGOA,10-14,800
CENTRO DE SAUDE LAGOA,15-19,880
CENTRO DE SAUDE LAGOA,20-24,1068
CENTRO DE SAUDE LAGOA,25-29,939
CENTRO DE SAUDE LAGOA,30-39,1774
CENTRO DE SAUDE LAGOA,40-49,1977
CENTRO DE SAUDE LAGOA,50-59,1558
CENTRO DE SAUDE LAGOA,60-69,1216
CENTRO DE SAUDE LAGOA,70+,993
CENTRO DE SAUDE LAJEDO,0-4,871
CENTRO DE SAUDE LAJEDO,5-9,961
CENTRO DE SAUDE LAJEDO,10-14,915
CENTRO DE SAUDE LAJEDO,15-19,1034
CENTRO DE SAUDE LAJEDO,20-24,1246
CENTRO DE SAUDE LAJEDO,25-29,1192
CENTRO DE SAUDE LAJEDO,30-39,2176
CENTRO DE SAUDE LAJEDO,40-49,2207
CENTRO DE SAUDE LAJEDO,50-59,1691
CENTRO DE SAUDE LAJEDO,60-69,1201
CENTRO DE SAUDE LAJEDO,70+,803
CENTRO DE SAUDE LINDEIA - MARIA MADALENA TEODORO,0-4,533
CENTRO DE SAUDE LINDEIA - MARIA MADALENA TEODORO,5-9,591
CENTRO DE SAUDE LINDEIA - MARIA MADALENA TEODORO,10-14,651
CENTRO DE SAUDE LINDEIA - MARIA MADALENA TEODORO,15-19,741
CENTRO DE SAUDE LINDEIA - MARIA MADALENA TEODORO,20-24,851
CENTRO DE SAUDE LINDEIA - MARIA MADALENA TEODORO,25-29,714
CENTRO DE SAUDE LINDEIA - MARIA MADALENA TEODORO,30-39,1525
CENTRO DE SAUDE LINDEIA - MARIA MADALENA TEODORO,40-49,1792
CENTRO DE SAUDE LINDEIA - MARIA MADALENA TEODORO,50-59,1473
CENTRO DE SAUDE LINDEIA - MARIA MADALENA TEODORO,60-69,1081
CENTRO DE SAUDE LINDEIA - MARIA MADALENA TEODORO,70+,1131
CENTRO DE SAUDE LISANDRA ANGELICA DAVID JUSTINO - TUNEL DE IBIRITE,0-4,427
CENTRO DE SAUDE LISANDRA ANGELICA DAVID JUSTINO - TUNEL DE IBIRITE,5-9,522
CENTRO DE SAUDE LISANDRA ANGELICA DAVID JUSTINO - TUNEL DE IBIRITE,10-14,520
CENTRO DE SAUDE LISANDRA ANGELICA DAVID JUSTINO - TUNEL DE IBIRITE,15-19,569
CENTRO DE SAUDE LISANDRA ANGELICA DAVID JUSTINO - TUNEL DE IBIRITE,20-24,691
CENTRO DE SAUDE LISANDRA ANGELICA DAVID JUSTINO - TUNEL DE IBIRITE,25-29,639
CENTRO DE SAUDE LISANDRA ANGELICA DAVID JUSTINO - TUNEL DE IBIRITE,30-39,1304
CENTRO DE SAUDE LISANDRA ANGELICA DAVID JUSTINO - TUNEL DE IBIRITE,40-49,1387
CENTRO DE SAUDE LISANDRA ANGELICA DAVID JUSTINO - TUNEL DE IBIRITE,50-59,1289
CENTRO DE SAUDE LISANDRA ANGELICA DAVID JUSTINO - TUNEL DE IBIRITE,60-69,954
CENTRO DE SAUDE LISANDRA ANGELICA DAVID JUSTINO - TUNEL DE IBIRITE,70+,750
CENTRO DE SAUDE MANGUEIRAS,0-4,1076
CENTRO DE SAUDE MANGUEIRAS,5-9,1127
CENTRO DE SAUDE MANGUEIRAS,10-14,1129
CENTRO DE SAUDE MANGUEIRAS,15-19,1107
CENTRO DE SAUDE MANGUEIRAS,20-24,1173
CENTRO DE SAUDE MANGUEIRAS,25-29,1193
CENTRO DE SAUDE MANGUEIRAS,30-39,2381
CENTRO DE SAUDE MANGUEIRAS,40-49,2106
CENTRO DE SAUDE MANGUEIRAS,50-59,1381
CENTRO DE SAUDE MANGUEIRAS,60-69,905
CENTRO DE SAUDE MANGUEIRAS,70+,572
CENTRO DE SAUDE MANTIQUEIRA,0-4,749
CENTRO DE SAUDE MANTIQUEIRA,5-9,889
CENTRO DE SAUDE MANTIQUEIRA,10-14,952
CENTRO DE SAUDE MANTIQUEIRA,15-19,979
CENTRO DE SAUDE MANTIQUEIRA,20-24,1168
CENTRO DE SAUDE MANTIQUEIRA,25-29,1126
CENTRO DE SAUDE MANTIQUEIRA,30-39,2106
CENTRO DE SAUDE MANTIQUEIRA,40-49,2436
CENTRO DE SAUDE MANTIQUEIRA,50-59,1935
CENTRO DE SAUDE MANTIQUEIRA,60-69,1446
CENTRO DE SAUDE MANTIQUEIRA,70+,1253
CENTRO DE SAUDE MARIA GORETTI,0-4,702
CENTRO DE SAUDE MARIA GORETTI,5-9,798
CENTRO DE SAUDE MARIA GORETTI,10-14,740
CENTRO DE SAUDE MARIA GORETTI,15-19,863
CENTRO DE SAUDE MARIA GORETTI,20-24,1103
CENTRO DE SAUDE MARIA GORETTI,25-29,1154
CENTRO DE SAUDE MARIA GORETTI,30-39,1909
CENTRO DE SAUDE MARIA GORETTI,40-49,2208
CENTRO DE SAUDE MARIA GORETTI,50-59,2150
CENTRO DE SAUDE MARIA GORETTI,60-69,1547
CENTRO DE SAUDE MARIA GORETTI,70+,1265
CENTRO DE SAUDE MARIANO DE ABREU,0-4,705
CENTRO DE SAUDE MARIANO DE ABREU,5-9,776
CENTRO DE SAUDE MARIANO DE ABREU,10-14,842
CENTRO DE SAUDE MARIANO DE ABREU,15-19,832
CENTRO DE SAUDE MARIANO DE ABREU,20-24,1077
CENTRO DE SAUDE MARIANO DE ABREU,25-29,1057
CENTRO DE SAUDE MARIANO DE ABREU,30-39,1990
CENTRO DE SAUDE MARIANO DE ABREU,40-49,2023
CENTRO DE SAUDE MARIANO DE ABREU,50-59,1820
CENTRO DE SAUDE MARIANO DE ABREU,60-69,1413
CENTRO DE SAUDE MARIANO DE ABREU,70+,1100
CENTRO DE SAUDE MENINO JESUS,0-4,1578
CENTRO DE SAUDE MENINO JESUS,5-9,1683
CENTRO DE SAUDE MENINO JESUS,10-14,1593
CENTRO DE SAUDE MENINO JESUS,15-19,2001
CENTRO DE SAUDE MENINO JESUS,20-24,2917
CENTRO DE SAUDE MENINO JESUS,25-29,3605
CENTRO DE SAUDE MENINO JESUS,30-39,7334
CENTRO DE SAUDE MENINO JESUS,40-49,6503
CENTRO DE SAUDE MENINO JESUS,50-59,6025
CENTRO DE SAUDE MENINO JESUS,60-69,6325
CENTRO DE SAUDE MENINO JESUS,70+,7737
CENTRO DE SAUDE MG-20,0-4,447
CENTRO DE SAUDE MG-20,5-9,547
CENTRO DE SAUDE MG-20,10-14,562
CENTRO DE SAUDE MG-20,15-19,549
CENTRO DE SAUDE MG-20,20-24,624
CENTRO DE SAUDE MG-20,25-29,607
CENTRO DE SAUDE MG-20,30-39,1175
CENTRO DE SAUDE MG-20,40-49,1187
CENTRO DE SAUDE MG-20,50-59,867
CENTRO DE SAUDE MG-20,60-69,578
CENTRO DE SAUDE MG-20,70+,452
CENTRO DE SAUDE MILIONARIOS,0-4,808
CENTRO DE SAUDE MILIONARIOS,5-9,941
CENTRO DE SAUDE MILIONARIOS,10-14,902
CENTRO DE SAUDE MILIONARIOS,15-19,1041
CENTRO DE SAUDE MILIONARIOS,20-24,1296
CENTRO DE SAUDE MILIONARIOS,25-29,1219
CENTRO DE SAUDE MILIONARIOS,30-39,2619
CENTRO DE SAUDE MILIONARIOS,40-49,2602
CENTRO DE SAUDE MILIONARIOS,50-59,2321
CENTRO DE SAUDE MILIONARIOS,60-69,1783
CENTRO DE SAUDE MILIONARIOS,70+,1397
CENTRO DE SAUDE MINAS CAIXA,0-4,768
CENTRO DE SAUDE MINAS CAIXA,5-9,878
CENTRO DE SAUDE MINAS CAIXA,10-14,950
CENTRO DE SAUDE MINAS CAIXA,15-19,1017
CENTRO DE SAUDE MINAS CAIXA,20-24,1175
CENTRO DE SAUDE MINAS CAIXA,25-29,1101
CENTRO DE SAUDE MINAS CAIXA,30-39,2425
CENTRO DE SAUDE MINAS CAIXA,40-49,2480
CENTRO DE SAUDE MINAS CAIXA,50-59,2249
CENTRO DE SAUDE MINAS CAIXA,60-69,1503
CENTRO DE SAUDE MINAS CAIXA,70+,1280
CENTRO DE SAUDE MIRAMAR - EDUARDO MAURO DE ARAUJO,0-4,879
CENTRO DE SAUDE MIRAMAR - EDUARDO MAURO DE ARAUJO,5-9,1002
CENTRO DE SAUDE MIRAMAR - EDUARDO MAURO DE ARAUJO,10-14,973
CENTRO DE SAUDE MIRAMAR - EDUARDO MAURO DE ARAUJO,15-19,1006
CENTRO DE SAUDE MIRAMAR - EDUARDO MAURO DE ARAUJO,20-24,1162
CENTRO DE SAUDE MIRAMAR - EDUARDO MAURO DE ARAUJO,25-29,1257
CENTRO DE SAUDE MIRAMAR - EDUARDO MAURO DE ARAUJO,30-39,2679
CENTRO DE SAUDE MIRAMAR - EDUARDO MAURO DE ARAUJO,40-49,2817
CENTRO DE SAUDE MIRAMAR - EDUARDO MAURO DE ARAUJO,50-59,2344
CENTRO DE SAUDE MIRAMAR - EDUARDO MAURO DE ARAUJO,60-69,1856
CENTRO DE SAUDE MIRAMAR - EDUARDO MAURO DE ARAUJO,70+,1570
CENTRO DE SAUDE NAZARE,0-4,769
CENTRO DE SAUDE NAZARE,5-9,940
CENTRO DE SAUDE NAZARE,10-14,928
CENTRO DE SAUDE NAZARE,15-19,987
CENTRO DE SAUDE NAZARE,20-24,1164
CENTRO DE SAUDE NAZARE,25-29,1122
CENTRO DE SAUDE NAZARE,30-39,2244
CENTRO DE SAUDE NAZARE,40-49,2192
CENTRO DE SAUDE NAZARE,50-59,1742
CENTRO DE SAUDE NAZARE,60-69,1277
CENTRO DE SAUDE NAZARE,70+,767
CENTRO DE SAUDE NORALDINO DE LIMA,0-4,1444
CENTRO DE SAUDE NORALDINO DE LIMA,5-9,1462
CENTRO DE SAUDE NORALDINO DE LIMA,10-14,1274
CENTRO DE SAUDE NORALDINO DE LIMA,15-19,1508
CENTRO DE SAUDE NORALDINO DE LIMA,20-24,2062
CENTRO DE SAUDE NORALDINO DE LIMA,25-29,2658
CENTRO DE SAUDE NORALDINO DE LIMA,30-39,5922
CENTRO DE SAUDE NORALDINO DE LIMA,40-49,5069
CENTRO DE SAUDE NORALDINO DE LIMA,50-59,4703
CENTRO DE SAUDE NORALDINO DE LIMA,60-69,4875
CENTRO DE SAUDE NORALDINO DE LIMA,70+,4964
CENTRO DE SAUDE NOSSA SENHORA APARECIDA,0-4,953
CENTRO DE SAUDE NOSSA SENHORA APARECIDA,5-9,1100
CENTRO DE SAUDE NOSSA SENHORA APARECIDA,10-14,1061
CENTRO DE SAUDE NOSSA SENHORA APARECIDA,15-19,1191
CENTRO DE SAUDE NOSSA SENHORA APARECIDA,20-24,1705
CENTRO DE SAUDE NOSSA SENHORA APARECIDA,25-29,1915
CENTRO DE SAUDE NOSSA SENHORA APARECIDA,30-39,3415
CENTRO DE SAUDE NOSSA SENHORA APARECIDA,40-49,3015
CENTRO DE SAUDE NOSSA SENHORA APARECIDA,50-59,2590
CENTRO DE SAUDE NOSSA SENHORA APARECIDA,60-69,2422
CENTRO DE SAUDE NOSSA SENHORA APARECIDA,70+,2585
CENTRO DE SAUDE NOSSA SENHORA DE FATIMA,0-4,1511
CENTRO DE SAUDE NOSSA SENHORA DE FATIMA,5-9,1619
CENTRO DE SAUDE NOSSA SENHORA DE FATIMA,10-14,1539
CENTRO DE SAUDE NOSSA SENHORA DE FATIMA,15-19,1786
CENTRO DE SAUDE NOSSA SENHORA DE FATIMA,20-24,2123
CENTRO DE SAUDE NOSSA SENHORA DE FATIMA,25-29,2363
CENTRO DE SAUDE NOSSA SENHORA DE FATIMA,30-39,4893
CENTRO DE SAUDE NOSSA SENHORA DE FATIMA,40-49,5071
CENTRO DE SAUDE NOSSA SENHORA DE FATIMA,50-59,4649
CENTRO DE SAUDE NOSSA SENHORA DE FATIMA,60-69,4657
CENTRO DE SAUDE NOSSA SENHORA DE FATIMA,70+,5825
CENTRO DE SAUDE NOVA YORK,0-4,591
CENTRO DE SAUDE NOVA YORK,5-9,700
CENTRO DE SAUDE NOVA YORK,10-14,685
CENTRO DE SAUDE NOVA YORK,15-19,730
CENTRO DE SAUDE NOVA YORK,20-24,937
CENTRO DE SAUDE NOVA YORK,25-29,792
CENTRO DE SAUDE NOVA YORK,30-39,1634
CENTRO DE SAUDE NOVA YORK,40-49,1891
CENTRO DE SAUDE NOVA YORK,50-59,1392
CENTRO DE SAUDE NOVA YORK,60-69,1031
CENTRO DE SAUDE NOVA YORK,70+,799
CENTRO DE SAUDE NOVO AARAO REIS,0-4,428
CENTRO DE SAUDE NOVO AARAO REIS,5-9,544
CENTRO DE SAUDE NOVO AARAO REIS,10-14,551
CENTRO DE SAUDE NOVO AARAO REIS,15-19,607
CENTRO DE SAUDE NOVO AARAO REIS,20-24,727
CENTRO DE SAUDE NOVO AARAO REIS,25-29,619
CENTRO DE SAUDE NOVO AARAO REIS,30-39,1234
CENTRO DE SAUDE NOVO AARAO REIS,40-49,1170
CENTRO DE SAUDE NOVO AARAO REIS,50-59,789
CENTRO DE SAUDE NOVO AARAO REIS,60-69,517
CENTRO DE SAUDE NOVO AARAO REIS,70+,331
CENTRO DE SAUDE NOVO HORIZONTE,0-4,680
CENTRO DE SAUDE NOVO HORIZONTE,5-9,733
CENTRO DE SAUDE NOVO HORIZONTE,10-14,706
CENTRO DE SAUDE NOVO HORIZONTE,15-19,766
CENTRO DE SAUDE NOVO HORIZONTE,20-24,910
CENTRO DE SAUDE NOVO HORIZONTE,25-29,865
CENTRO DE SAUDE NOVO HORIZONTE,30-39,1637
CENTRO DE SAUDE NOVO HORIZONTE,40-49,1289
CENTRO DE SAUDE NOVO HORIZONTE,50-59,942
CENTRO DE SAUDE NOVO HORIZONTE,60-69,664
CENTRO DE SAUDE NOVO HORIZONTE,70+,339
CENTRO DE SAUDE OLAVO ALBINO CORREA,0-4,749
CENTRO DE SAUDE OLAVO ALBINO CORREA,5-9,827
CENTRO DE SAUDE OLAVO ALBINO CORREA,10-14,790
CENTRO DE SAUDE OLAVO ALBINO CORREA,15-19,837
CENTRO DE SAUDE OLAVO ALBINO CORREA,20-24,1102
CENTRO DE SAUDE OLAVO ALBINO CORREA,25-29,1104
CENTRO DE SAUDE OLAVO ALBINO CORREA,30-39,1964
CENTRO DE SAUDE OLAVO ALBINO CORREA,40-49,1947
CENTRO DE SAUDE OLAVO ALBINO CORREA,50-59,1491
CENTRO DE SAUDE OLAVO ALBINO CORREA,60-69,993
CENTRO DE SAUDE OLAVO ALBINO CORREA,70+,611
CENTRO DE SAUDE OSWALDO CRUZ,0-4,647
CENTRO DE SAUDE OSWALDO CRUZ,5-9,731
CENTRO DE SAUDE OSWALDO CRUZ,10-14,758
CENTRO DE SAUDE OSWALDO CRUZ,15-19,1063
CENTRO DE SAUDE OSWALDO CRUZ,20-24,1818
CENTRO DE SAUDE OSWALDO CRUZ,25-29,2414
CENTRO DE SAUDE OSWALDO CRUZ,30-39,3869
CENTRO DE SAUDE OSWALDO CRUZ,40-49,3209
CENTRO DE SAUDE OSWALDO CRUZ,50-59,2948
CENTRO DE SAUDE OSWALDO CRUZ,60-69,2683
CENTRO DE SAUDE OSWALDO CRUZ,70+,3283
CENTRO DE SAUDE OURO PRETO,0-4,1537
CENTRO DE SAUDE OURO PRETO,5-9,1534
CENTRO DE SAUDE OURO PRETO,10-14,1354
CENTRO DE SAUDE OURO PRETO,15-19,1251
CENTRO DE SAUDE OURO PRETO,20-24,1519
CENTRO DE SAUDE OURO PRETO,25-29,1727
CENTRO DE SAUDE OURO PRETO,30-39,4669
CENTRO DE SAUDE OURO PRETO,40-49,4548
CENTRO DE SAUDE OURO PRETO,50-59,2776
CENTRO DE SAUDE OURO PRETO,60-69,1670
CENTRO DE SAUDE OURO PRETO,70+,1088
CENTRO DE SAUDE PADRE EUSTAQUIO,0-4,758
CENTRO DE SAUDE PADRE EUSTAQUIO,5-9,874
CENTRO DE SAUDE PADRE EUSTAQUIO,10-14,768
CENTRO DE SAUDE PADRE EUSTAQUIO,15-19,1023
CENTRO DE SAUDE PADRE EUSTAQUIO,20-24,1428
CENTRO DE SAUDE PADRE EUSTAQUIO,25-29,1536
CENTRO DE SAUDE PADRE EUSTAQUIO,30-39,3361
CENTRO DE SAUDE PADRE EUSTAQUIO,40-49,2993
CENTRO DE SAUDE PADRE EUSTAQUIO,50-59,3076
CENTRO DE SAUDE PADRE EUSTAQUIO,60-69,2944
CENTRO DE SAUDE PADRE EUSTAQUIO,70+,2568
CENTRO DE SAUDE PADRE JOAQUIM MAIA,0-4,731
CENTRO DE SAUDE PADRE JOAQUIM MAIA,5-9,762
CENTRO DE SAUDE PADRE JOAQUIM MAIA,10-14,741
CENTRO DE SAUDE PADRE JOAQUIM MAIA,15-19,985
CENTRO DE SAUDE PADRE JOAQUIM MAIA,20-24,1812
CENTRO DE SAUDE PADRE JOAQUIM MAIA,25-29,1567
CENTRO DE SAUDE PADRE JOAQUIM MAIA,30-39,2918
CENTRO DE SAUDE PADRE JOAQUIM MAIA,40-49,2637
CENTRO DE SAUDE PADRE JOAQUIM MAIA,50-59,2444
CENTRO DE SAUDE PADRE JOAQUIM MAIA,60-69,1861
CENTRO DE SAUDE PADRE JOAQUIM MAIA,70+,1846
CENTRO DE SAUDE PADRE TARCISIO,0-4,650
CENTRO DE SAUDE PADRE TARCISIO,5-9,687
CENTRO DE SAUDE PADRE TARCISIO,10-14,684
CENTRO DE SAUDE PADRE TARCISIO,15-19,770
CENTRO DE SAUDE PADRE TARCISIO,20-24,878
CENTRO DE SAUDE PADRE TARCISIO,25-29,1016
CENTRO DE SAUDE PADRE TARCISIO,30-39,2234
CENTRO DE SAUDE PADRE TARCISIO,40-49,2179
CENTRO DE SAUDE PADRE TARCISIO,50-59,1796
CENTRO DE SAUDE PADRE TARCISIO,60-69,1684
CENTRO DE SAUDE PADRE TARCISIO,70+,1823
CENTRO DE SAUDE PADRE TIAGO,0-4,805
CENTRO DE SAUDE PADRE TIAGO,5-9,907
CENTRO DE SAUDE PADRE TIAGO,10-14,790
CENTRO DE SAUDE PADRE TIAGO,15-19,885
CENTRO DE SAUDE PADRE TIAGO,20-24,1028
CENTRO DE SAUDE PADRE TIAGO,25-29,1143
CENTRO DE SAUDE PADRE TIAGO,30-39,2422
CENTRO DE SAUDE PADRE TIAGO,40-49,2313
CENTRO DE SAUDE PADRE TIAGO,50-59,1660
CENTRO DE SAUDE PADRE TIAGO,60-69,1128
CENTRO DE SAUDE PADRE TIAGO,70+,839
CENTRO DE SAUDE PALMEIRAS,0-4,1718
CENTRO DE SAUDE PALMEIRAS,5-9,1671
CENTRO DE SAUDE PALMEIRAS,10-14,1335
CENTRO DE SAUDE PALMEIRAS,15-19,1204
CENTRO DE SAUDE PALMEIRAS,20-24,1435
CENTRO DE SAUDE PALMEIRAS,25-29,1916
CENTRO DE SAUDE PALMEIRAS,30-39,5373
CENTRO DE SAUDE PALMEIRAS,40-49,4775
CENTRO DE SAUDE PALMEIRAS,50-59,2749
CENTRO DE SAUDE PALMEIRAS,60-69,1810
CENTRO DE SAUDE PALMEIRAS,70+,1285
CENTRO DE SAUDE PARAISO,0-4,917
CENTRO DE SAUDE PARAISO,5-9,1103
CENTRO DE SAUDE PARAISO,10-14,1081
CENTRO DE SAUDE PARAISO,15-19,1273
CENTRO DE SAUDE PARAISO,20-24,1748
CENTRO DE SAUDE PARAISO,25-29,2026
CENTRO DE SAUDE PARAISO,30-39,3803
CENTRO DE SAUDE PARAISO,40-49,3420
CENTRO DE SAUDE PARAISO,50-59,3266
CENTRO DE SAUDE PARAISO,60-69,3037
CENTRO DE SAUDE PARAISO,70+,2897
CENTRO DE SAUDE PARAUNA - VENDA NOVA,0-4,926
CENTRO DE SAUDE PARAUNA - VENDA NOVA,5-9,1080
CENTRO DE SAUDE PARAUNA - VENDA NOVA,10-14,1082
CENTRO DE SAUDE PARAUNA - VENDA NOVA,15-19,1196
CENTRO DE SAUDE PARAUNA - VENDA NOVA,20-24,1328
CENTRO DE SAUDE PARAUNA - VENDA NOVA,25-29,1368
CENTRO DE SAUDE PARAUNA - VENDA NOVA,30-39,2788
CENTRO DE SAUDE PARAUNA - VENDA NOVA,40-49,3017
CENTRO DE SAUDE PARAUNA - VENDA NOVA,50-59,2469
CENTRO DE SAUDE PARAUNA - VENDA NOVA,60-69,1826
CENTRO DE SAUDE PARAUNA - VENDA NOVA,70+,1630
CENTRO DE SAUDE PAULO VI - MARIVANDA BALEEIRO,0-4,1163
CENTRO DE SAUDE PAULO VI - MARIVANDA BALEEIRO,5-9,1194
CENTRO DE SAUDE PAULO VI - MARIVANDA BALEEIRO,10-14,1174
CENTRO DE SAUDE PAULO VI - MARIVANDA BALEEIRO,15-19,1135
CENTRO DE SAUDE PAULO VI - MARIVANDA BALEEIRO,20-24,1362
CENTRO DE SAUDE PAULO VI - MARIVANDA BALEEIRO,25-29,1310
CENTRO DE SAUDE PAULO VI - MARIVANDA BALEEIRO,30-39,3325
CENTRO DE SAUDE PAULO VI - MARIVANDA BALEEIRO,40-49,2595
CENTRO DE SAUDE PAULO VI - MARIVANDA BALEEIRO,50-59,1867
CENTRO DE SAUDE PAULO VI - MARIVANDA BALEEIRO,60-69,1384
CENTRO DE SAUDE PAULO VI - MARIVANDA BALEEIRO,70+,796
CENTRO DE SAUDE PEDREIRA PRADO LOPES,0-4,496
CENTRO DE SAUDE PEDREIRA PRADO LOPES,5-9,592
CENTRO DE SAUDE PEDREIRA PRADO LOPES,10-14,581
CENTRO DE SAUDE PEDREIRA PRADO LOPES,15-19,577
CENTRO DE SAUDE PEDREIRA PRADO LOPES,20-24,770
CENTRO DE SAUDE PEDREIRA PRADO LOPES,25-29,687
CENTRO DE SAUDE PEDREIRA PRADO LOPES,30-39,1286
CENTRO DE SAUDE PEDREIRA PRADO LOPES,40-49,1276
CENTRO DE SAUDE PEDREIRA PRADO LOPES,50-59,1033
CENTRO DE SAUDE PEDREIRA PRADO LOPES,60-69,878
CENTRO DE SAUDE PEDREIRA PRADO LOPES,70+,670
CENTRO DE SAUDE PILAR - OLHOS DAGUA,0-4,593
CENTRO DE SAUDE PILAR - OLHOS DAGUA,5-9,627
CENTRO DE SAUDE PILAR - OLHOS DAGUA,10-14,604
CENTRO DE SAUDE PILAR - OLHOS DAGUA,15-19,611
CENTRO DE SAUDE PILAR - OLHOS DAGUA,20-24,743
CENTRO DE SAUDE PILAR - OLHOS DAGUA,25-29,747
CENTRO DE SAUDE PILAR - OLHOS DAGUA,30-39,1386
CENTRO DE SAUDE PILAR - OLHOS DAGUA,40-49,1316
CENTRO DE SAUDE PILAR - OLHOS DAGUA,50-59,894
CENTRO DE SAUDE PILAR - OLHOS DAGUA,60-69,498
CENTRO DE SAUDE PILAR - OLHOS DAGUA,70+,331
CENTRO DE SAUDE PINDORAMA ELZA MARTINS,0-4,638
CENTRO DE SAUDE PINDORAMA ELZA MARTINS,5-9,733
CENTRO DE SAUDE PINDORAMA ELZA MARTINS,10-14,731
CENTRO DE SAUDE PINDORAMA ELZA MARTINS,15-19,808
CENTRO DE SAUDE PINDORAMA ELZA MARTINS,20-24,970
CENTRO DE SAUDE PINDORAMA ELZA MARTINS,25-29,966
CENTRO DE SAUDE PINDORAMA ELZA MARTINS,30-39,1704
CENTRO DE SAUDE PINDORAMA ELZA MARTINS,40-49,2001
CENTRO DE SAUDE PINDORAMA ELZA MARTINS,50-59,1832
CENTRO DE SAUDE PINDORAMA ELZA MARTINS,60-69,1297
CENTRO DE SAUDE PINDORAMA ELZA MARTINS,70+,1350
CENTRO DE SAUDE PIRATININGA,0-4,799
CENTRO DE SAUDE PIRATININGA,5-9,913
CENTRO DE SAUDE PIRATININGA,10-14,1000
CENTRO DE SAUDE PIRATININGA,15-19,988
CENTRO DE SAUDE PIRATININGA,20-24,1225
CENTRO DE SAUDE PIRATININGA,25-29,1184
CENTRO DE SAUDE PIRATININGA,30-39,2396
CENTRO DE SAUDE PIRATININGA,40-49,2629
CENTRO DE SAUDE PIRATININGA,50-59,1931
CENTRO DE SAUDE PIRATININGA,60-69,1432
CENTRO DE SAUDE PIRATININGA,70+,1024
CENTRO DE SAUDE POMPEIA,0-4,646
CENTRO DE SAUDE POMPEIA,5-9,713
CENTRO DE SAUDE POMPEIA,10-14,705
CENTRO DE SAUDE POMPEIA,15-19,787
CENTRO DE SAUDE POMPEIA,20-24,1011
CENTRO DE SAUDE POMPEIA,25-29,1036
CENTRO DE SAUDE POMPEIA,30-39,2379
CENTRO DE SAUDE POMPEIA,40-49,2352
CENTRO DE SAUDE POMPEIA,50-59,2298
CENTRO DE SAUDE POMPEIA,60-69,2119
CENTRO DE SAUDE POMPEIA,70+,2197
CENTRO DE SAUDE PRIMEIRO DE MAIO,0-4,366
CENTRO DE SAUDE PRIMEIRO DE MAIO,5-9,401
CENTRO DE SAUDE PRIMEIRO DE MAIO,10-14,402
CENTRO DE SAUDE PRIMEIRO DE MAIO,15-19,464
CENTRO DE SAUDE PRIMEIRO DE MAIO,20-24,515
CENTRO DE SAUDE PRIMEIRO DE MAIO,25-29,557
CENTRO DE SAUDE PRIMEIRO DE MAIO,30-39,993
CENTRO DE SAUDE PRIMEIRO DE MAIO,40-49,1024
CENTRO DE SAUDE PRIMEIRO DE MAIO,50-59,993
CENTRO DE SAUDE PRIMEIRO DE MAIO,60-69,773
CENTRO DE SAUDE PRIMEIRO DE MAIO,70+,583
CENTRO DE SAUDE PROVIDENCIA,0-4,561
CENTRO DE SAUDE PROVIDENCIA,5-9,688
CENTRO DE SAUDE PROVIDENCIA,10-14,630
CENTRO DE SAUDE PROVIDENCIA,15-19,712
CENTRO DE SAUDE PROVIDENCIA,20-24,922
CENTRO DE SAUDE PROVIDENCIA,25-29,874
CENTRO DE SAUDE PROVIDENCIA,30-39,1845
CENTRO DE SAUDE PROVIDENCIA,40-49,1834
CENTRO DE SAUDE PROVIDENCIA,50-59,1802
CENTRO DE SAUDE PROVIDENCIA,60-69,1306
CENTRO DE SAUDE PROVIDENCIA,70+,1081
CENTRO DE SAUDE REGINA,0-4,585
CENTRO DE SAUDE REGINA,5-9,647
CENTRO DE SAUDE REGINA,10-14,689
CENTRO DE SAUDE REGINA,15-19,717
CENTRO DE SAUDE REGINA,20-24,847
CENTRO DE SAUDE REGINA,25-29,863
CENTRO DE SAUDE REGINA,30-39,1547
CENTRO DE SAUDE REGINA,40-49,1783
CENTRO DE SAUDE REGINA,50-59,1452
CENTRO DE SAUDE REGINA,60-69,1003
CENTRO DE SAUDE REGINA,70+,991
CENTRO DE SAUDE RIBEIRO DE ABREU,0-4,543
CENTRO DE SAUDE RIBEIRO DE ABREU,5-9,596
CENTRO DE SAUDE RIBEIRO DE ABREU,10-14,574
CENTRO DE SAUDE RIBEIRO DE ABREU,15-19,626
CENTRO DE SAUDE RIBEIRO DE ABREU,20-24,748
CENTRO DE SAUDE RIBEIRO DE ABREU,25-29,668
CENTRO DE SAUDE RIBEIRO DE ABREU,30-39,1408
CENTRO DE SAUDE RIBEIRO DE ABREU,40-49,1254
CENTRO DE SAUDE RIBEIRO DE ABREU,50-59,1088
CENTRO DE SAUDE RIBEIRO DE ABREU,60-69,761
CENTRO DE SAUDE RIBEIRO DE ABREU,70+,481
CENTRO DE SAUDE RIO BRANCO,0-4,903
CENTRO DE SAUDE RIO BRANCO,5-9,1070
CENTRO DE SAUDE RIO BRANCO,10-14,1097
CENTRO DE SAUDE RIO BRANCO,15-19,1288
CENTRO DE SAUDE RIO BRANCO,20-24,1507
CENTRO DE SAUDE RIO BRANCO,25-29,1422
CENTRO DE SAUDE RIO BRANCO,30-39,2891
CENTRO DE SAUDE RIO BRANCO,40-49,3388
CENTRO DE SAUDE RIO BRANCO,50-59,2774
CENTRO DE SAUDE RIO BRANCO,60-69,2077
CENTRO DE SAUDE RIO BRANCO,70+,1701
CENTRO DE SAUDE SAGRADA FAMILIA - MARCO ANTONIO DE MENEZES,0-4,1223
CENTRO DE SAUDE SAGRADA FAMILIA - MARCO ANTONIO DE MENEZES,5-9,1208
CENTRO DE SAUDE SAGRADA FAMILIA - MARCO ANTONIO DE MENEZES,10-14,1212
CENTRO DE SAUDE SAGRADA FAMILIA - MARCO ANTONIO DE MENEZES,15-19,1209
CENTRO DE SAUDE SAGRADA FAMILIA - MARCO ANTONIO DE MENEZES,20-24,1685
CENTRO DE SAUDE SAGRADA FAMILIA - MARCO ANTONIO DE MENEZES,25-29,2090
CENTRO DE SAUDE SAGRADA FAMILIA - MARCO ANTONIO DE MENEZES,30-39,4927
CENTRO DE SAUDE SAGRADA FAMILIA - MARCO ANTONIO DE MENEZES,40-49,4588
CENTRO DE SAUDE SAGRADA FAMILIA - MARCO ANTONIO DE MENEZES,50-59,4156
CENTRO DE SAUDE SAGRADA FAMILIA - MARCO ANTONIO DE MENEZES,60-69,4069
CENTRO DE SAUDE SAGRADA FAMILIA - MARCO ANTONIO DE MENEZES,70+,3721
CENTRO DE SAUDE SALGADO FILHO,0-4,939
CENTRO DE SAUDE SALGADO FILHO,5-9,952
CENTRO DE SAUDE SALGADO FILHO,10-14,1016
CENTRO DE SAUDE SALGADO FILHO,15-19,1056
CENTRO DE SAUDE SALGADO FILHO,20-24,1439
CENTRO DE SAUDE SALGADO FILHO,25-29,1596
CENTRO DE SAUDE SALGADO FILHO,30-39,3253
CENTRO DE SAUDE SALGADO FILHO,40-49,3195
CENTRO DE SAUDE SALGADO FILHO,50-59,2791
CENTRO DE SAUDE SALGADO FILHO,60-69,2231
CENTRO DE SAUDE SALGADO FILHO,70+,1964
CENTRO DE SAUDE SANTA AMELIA,0-4,1841
CENTRO DE SAUDE SANTA AMELIA,5-9,2033
CENTRO DE SAUDE SANTA AMELIA,10-14,2052
CENTRO DE SAUDE SANTA AMELIA,15-19,2059
CENTRO DE SAUDE SANTA AMELIA,20-24,2808
CENTRO DE SAUDE SANTA AMELIA,25-29,2975
CENTRO DE SAUDE SANTA AMELIA,30-39,6711
CENTRO DE SAUDE SANTA AMELIA,40-49,7063
CENTRO DE SAUDE SANTA AMELIA,50-59,5787
CENTRO DE SAUDE SANTA AMELIA,60-69,4387
CENTRO DE SAUDE SANTA AMELIA,70+,4029
CENTRO DE SAUDE SANTA CECILIA,0-4,646
CENTRO DE SAUDE SANTA CECILIA,5-9,751
CENTRO DE SAUDE SANTA CECILIA,10-14,797
CENTRO DE SAUDE SANTA CECILIA,15-19,846
CENTRO DE SAUDE SANTA CECILIA,20-24,962
CENTRO DE SAUDE SANTA CECILIA,25-29,899
CENTRO DE SAUDE SANTA CECILIA,30-39,1751
CENTRO DE SAUDE SANTA CECILIA,40-49,1764
CENTRO DE SAUDE SANTA CECILIA,50-59,1416
CENTRO DE SAUDE SANTA CECILIA,60-69,1149
CENTRO DE SAUDE SANTA CECILIA,70+,677
CENTRO DE SAUDE SANTA CRUZ - PADRE FERNANDO DE MELLO,0-4,803
CENTRO DE SAUDE SANTA CRUZ - PADRE FERNANDO DE MELLO,5-9,818
CENTRO DE SAUDE SANTA CRUZ - PADRE FERNANDO DE MELLO,10-14,890
CENTRO DE SAUDE SANTA CRUZ - PADRE FERNANDO DE MELLO,15-19,914
CENTRO DE SAUDE SANTA CRUZ - PADRE FERNANDO DE MELLO,20-24,1111
CENTRO DE SAUDE SANTA CRUZ - PADRE FERNANDO DE MELLO,25-29,1231
CENTRO DE SAUDE SANTA CRUZ - PADRE FERNANDO DE MELLO,30-39,2597
CENTRO DE SAUDE SANTA CRUZ - PADRE FERNANDO DE MELLO,40-49,2735
CENTRO DE SAUDE SANTA CRUZ - PADRE FERNANDO DE MELLO,50-59,2425
CENTRO DE SAUDE SANTA CRUZ - PADRE FERNANDO DE MELLO,60-69,2030
CENTRO DE SAUDE SANTA CRUZ - PADRE FERNANDO DE MELLO,70+,1476
CENTRO DE SAUDE SANTA INES,0-4,564
CENTRO DE SAUDE SANTA INES,5-9,613
CENTRO DE SAUDE SANTA INES,10-14,625
CENTRO DE SAUDE SANTA INES,15-19,732
CENTRO DE SAUDE SANTA INES,20-24,875
CENTRO DE SAUDE SANTA INES,25-29,906
CENTRO DE SAUDE SANTA INES,30-39,2085
CENTRO DE SAUDE SANTA INES,40-49,2207
CENTRO DE SAUDE SANTA INES,50-59,2349
CENTRO DE SAUDE SANTA INES,60-69,2017
CENTRO DE SAUDE SANTA INES,70+,1982
CENTRO DE SAUDE SANTA LUCIA,0-4,640
CENTRO DE SAUDE SANTA LUCIA,5-9,693
CENTRO DE SAUDE SANTA LUCIA,10-14,656
CENTRO DE SAUDE SANTA LUCIA,15-19,795
CENTRO DE SAUDE SANTA LUCIA,20-24,903
CENTRO DE SAUDE SANTA LUCIA,25-29,803
CENTRO DE SAUDE SANTA LUCIA,30-39,1626
CENTRO DE SAUDE SANTA LUCIA,40-49,1479
CENTRO DE SAUDE SANTA LUCIA,50-59,1071
CENTRO DE SAUDE SANTA LUCIA,60-69,829
CENTRO DE SAUDE SANTA LUCIA,70+,695
CENTRO DE SAUDE SANTA MARIA,0-4,480
CENTRO DE SAUDE SANTA MARIA,5-9,526
CENTRO DE SAUDE SANTA MARIA,10-14,459
CENTRO DE SAUDE SANTA MARIA,15-19,509
CENTRO DE SAUDE SANTA MARIA,20-24,694
CENTRO DE SAUDE SANTA MARIA,25-29,736
CENTRO DE SAUDE SANTA MARIA,30-39,1604
CENTRO DE SAUDE SANTA MARIA,40-49,1560
CENTRO DE SAUDE SANTA MARIA,50-59,1163
CENTRO DE SAUDE SANTA MARIA,60-69,878
CENTRO DE SAUDE SANTA MARIA,70+,674
CENTRO DE SAUDE SANTA MONICA,0-4,717
CENTRO DE SAUDE SANTA MONICA,5-9,787
CENTRO DE SAUDE SANTA MONICA,10-14,815
CENTRO DE SAUDE SANTA MONICA,15-19,801
CENTRO DE SAUDE SANTA MONICA,20-24,1046
CENTRO DE SAUDE SANTA MONICA,25-29,1055
CENTRO DE SAUDE SANTA MONICA,30-39,2126
CENTRO DE SAUDE SANTA MONICA,40-49,2421
CENTRO DE SAUDE SANTA MONICA,50-59,1999
CENTRO DE SAUDE SANTA MONICA,60-69,1504
CENTRO DE SAUDE SANTA MONICA,70+,1274
CENTRO DE SAUDE SANTA MONICA II - ALAMEDA DOS IPES,0-4,476
CENTRO DE SAUDE SANTA MONICA II - ALAMEDA DOS IPES,5-9,510
CENTRO DE SAUDE SANTA MONICA II - ALAMEDA DOS IPES,10-14,583
CENTRO DE SAUDE SANTA MONICA II - ALAMEDA DOS IPES,15-19,561
CENTRO DE SAUDE SANTA MONICA II - ALAMEDA DOS IPES,20-24,668
CENTRO DE SAUDE SANTA MONICA II - ALAMEDA DOS IPES,25-29,795
CENTRO DE SAUDE SANTA MONICA II - ALAMEDA DOS IPES,30-39,1645
CENTRO DE SAUDE SANTA MONICA II - ALAMEDA DOS IPES,40-49,1634
CENTRO DE SAUDE SANTA MONICA II - ALAMEDA DOS IPES,50-59,1438
CENTRO DE SAUDE SANTA MONICA II - ALAMEDA DOS IPES,60-69,1022
CENTRO DE SAUDE SANTA MONICA II - ALAMEDA DOS IPES,70+,761
CENTRO DE SAUDE SANTA RITA DE CASSIA,0-4,1682
CENTRO DE SAUDE SANTA RITA DE CASSIA,5-9,1920
CENTRO DE SAUDE SANTA RITA DE CASSIA,10-14,1784
CENTRO DE SAUDE SANTA RITA DE CASSIA,15-19,1896
CENTRO DE SAUDE SANTA RITA DE CASSIA,20-24,2265
CENTRO DE SAUDE SANTA RITA DE CASSIA,25-29,2645
CENTRO DE SAUDE SANTA RITA DE CASSIA,30-39,5620
CENTRO DE SAUDE SANTA RITA DE CASSIA,40-49,5699
CENTRO DE SAUDE SANTA RITA DE CASSIA,50-59,4966
CENTRO DE SAUDE SANTA RITA DE CASSIA,60-69,4810
CENTRO DE SAUDE SANTA RITA DE CASSIA,70+,5455
CENTRO DE SAUDE SANTA ROSA,0-4,931
CENTRO DE SAUDE SANTA ROSA,5-9,1030
CENTRO DE SAUDE SANTA ROSA,10-14,974
CENTRO DE SAUDE SANTA ROSA,15-19,1230
CENTRO DE SAUDE SANTA ROSA,20-24,1429
CENTRO DE SAUDE SANTA ROSA,25-29,1471
CENTRO DE SAUDE SANTA ROSA,30-39,3237
CENTRO DE SAUDE SANTA ROSA,40-49,3298
CENTRO DE SAUDE SANTA ROSA,50-59,3076
CENTRO DE SAUDE SANTA ROSA,60-69,2461
CENTRO DE SAUDE SANTA ROSA,70+,2022
CENTRO DE SAUDE SANTA TEREZINHA,0-4,1177
CENTRO DE SAUDE SANTA TEREZINHA,5-9,1219
CENTRO DE SAUDE SANTA TEREZINHA,10-14,1181
CENTRO DE SAUDE SANTA TEREZINHA,15-19,1244
CENTRO DE SAUDE SANTA TEREZINHA,20-24,1456
CENTRO DE SAUDE SANTA TEREZINHA,25-29,1542
CENTRO DE SAUDE SANTA TEREZINHA,30-39,3949
CENTRO DE SAUDE SANTA TEREZINHA,40-49,3916
CENTRO DE SAUDE SANTA TEREZINHA,50-59,3060
CENTRO DE SAUDE SANTA TEREZINHA,60-69,2303
CENTRO DE SAUDE SANTA TEREZINHA,70+,1790
CENTRO DE SAUDE SANTO ANTONIO,0-4,507
CENTRO DE SAUDE SANTO ANTONIO,5-9,519
CENTRO DE SAUDE SANTO ANTONIO,10-14,600
CENTRO DE SAUDE SANTO ANTONIO,15-19,701
CENTRO DE SAUDE SANTO ANTONIO,20-24,802
CENTRO DE SAUDE SANTO ANTONIO,25-29,781
CENTRO DE SAUDE SANTO ANTONIO,30-39,1592
CENTRO DE SAUDE SANTO ANTONIO,40-49,1846
CENTRO DE SAUDE SANTO ANTONIO,50-59,1666
CENTRO DE SAUDE SANTO ANTONIO,60-69,1267
CENTRO DE SAUDE SANTO ANTONIO,70+,1114
CENTRO DE SAUDE SANTOS ANJOS,0-4,547
CENTRO DE SAUDE SANTOS ANJOS,5-9,617
CENTRO DE SAUDE SANTOS ANJOS,10-14,639
CENTRO DE SAUDE SANTOS ANJOS,15-19,738
CENTRO DE SAUDE SANTOS ANJOS,20-24,906
CENTRO DE SAUDE SANTOS ANJOS,25-29,996
CENTRO DE SAUDE SANTOS ANJOS,30-39,2115
CENTRO DE SAUDE SANTOS ANJOS,40-49,2113
CENTRO DE SAUDE SANTOS ANJOS,50-59,2102
CENTRO DE SAUDE SANTOS ANJOS,60-69,1970
CENTRO DE SAUDE SANTOS ANJOS,70+,1995
CENTRO DE SAUDE SAO BERNARDO - AMELIA ROCHA DE MELO,0-4,292
CENTRO DE SAUDE SAO BERNARDO - AMELIA ROCHA DE MELO,5-9,355
CENTRO DE SAUDE SAO BERNARDO - AMELIA ROCHA DE MELO,10-14,328
CENTRO DE SAUDE SAO BERNARDO - AMELIA ROCHA DE MELO,15-19,332
CENTRO DE SAUDE SAO BERNARDO - AMELIA ROCHA DE MELO,20-24,461
CENTRO DE SAUDE SAO BERNARDO - AMELIA ROCHA DE MELO,25-29,430
CENTRO DE SAUDE SAO BERNARDO - AMELIA ROCHA DE MELO,30-39,817
CENTRO DE SAUDE SAO BERNARDO - AMELIA ROCHA DE MELO,40-49,786
CENTRO DE SAUDE SAO BERNARDO - AMELIA ROCHA DE MELO,50-59,812
CENTRO DE SAUDE SAO BERNARDO - AMELIA ROCHA DE MELO,60-69,614
CENTRO DE SAUDE SAO BERNARDO - AMELIA ROCHA DE MELO,70+,447
CENTRO DE SAUDE SAO CRISTOVAO,0-4,316
CENTRO DE SAUDE SAO CRISTOVAO,5-9,322
CENTRO DE SAUDE SAO CRISTOVAO,10-14,342
CENTRO DE SAUDE SAO CRISTOVAO,15-19,429
CENTRO DE SAUDE SAO CRISTOVAO,20-24,560
CENTRO DE SAUDE SAO CRISTOVAO,25-29,603
CENTRO DE SAUDE SAO CRISTOVAO,30-39,965
CENTRO DE SAUDE SAO CRISTOVAO,40-49,1034
CENTRO DE SAUDE SAO CRISTOVAO,50-59,1071
CENTRO DE SAUDE SAO CRISTOVAO,60-69,917
CENTRO DE SAUDE SAO CRISTOVAO,70+,900
CENTRO DE SAUDE SAO FRANCISCO,0-4,158
CENTRO DE SAUDE SAO FRANCISCO,5-9,205
CENTRO DE SAUDE SAO FRANCISCO,10-14,208
CENTRO DE SAUDE SAO FRANCISCO,15-19,200
CENTRO DE SAUDE SAO FRANCISCO,20-24,276
CENTRO DE SAUDE SAO FRANCISCO,25-29,263
CENTRO DE SAUDE SAO FRANCISCO,30-39,542
CENTRO DE SAUDE SAO FRANCISCO,40-49,492
CENTRO DE SAUDE SAO FRANCISCO,50-59,405
CENTRO DE SAUDE SAO FRANCISCO,60-69,349
CENTRO DE SAUDE SAO FRANCISCO,70+,240
CENTRO DE SAUDE SAO GABRIEL - FABIO CORREA LIMA,0-4,644
CENTRO DE SAUDE SAO GABRIEL - FABIO CORREA LIMA,5-9,798
CENTRO DE SAUDE SAO GABRIEL - FABIO CORREA LIMA,10-14,779
CENTRO DE SAUDE SAO GABRIEL - FABIO CORREA LIMA,15-19,891
CENTRO DE SAUDE SAO GABRIEL - FABIO CORREA LIMA,20-24,1056
CENTRO DE SAUDE SAO GABRIEL - FABIO CORREA LIMA,25-29,1051
CENTRO DE SAUDE SAO GABRIEL - FABIO CORREA LIMA,30-39,2075
CENTRO DE SAUDE SAO GABRIEL - FABIO CORREA LIMA,40-49,2191
CENTRO DE SAUDE SAO GABRIEL - FABIO CORREA LIMA,50-59,1791
CENTRO DE SAUDE SAO GABRIEL - FABIO CORREA LIMA,60-69,1425
CENTRO DE SAUDE SAO GABRIEL - FABIO CORREA LIMA,70+,1280
CENTRO DE SAUDE SAO GERALDO,0-4,394
CENTRO DE SAUDE SAO GERALDO,5-9,492
CENTRO DE SAUDE SAO GERALDO,10-14,444
CENTRO DE SAUDE SAO GERALDO,15-19,523
CENTRO DE SAUDE SAO GERALDO,20-24,685
CENTRO DE SAUDE SAO GERALDO,25-29,663
CENTRO DE SAUDE SAO GERALDO,30-39,1329
CENTRO DE SAUDE SAO GERALDO,40-49,1423
CENTRO DE SAUDE SAO GERALDO,50-59,1332
CENTRO DE SAUDE SAO GERALDO,60-69,1260
CENTRO DE SAUDE SAO GERALDO,70+,1081
CENTRO DE SAUDE SAO JORGE,0-4,1870
CENTRO DE SAUDE SAO JORGE,5-9,1991
CENTRO DE SAUDE SAO JORGE,10-14,1851
CENTRO DE SAUDE SAO JORGE,15-19,2025
CENTRO DE SAUDE SAO JORGE,20-24,2701
CENTRO DE SAUDE SAO JORGE,25-29,2961
CENTRO DE SAUDE SAO JORGE,30-39,6278
CENTRO DE SAUDE SAO JORGE,40-49,6273
CENTRO DE SAUDE SAO JORGE,50-59,5500
CENTRO DE SAUDE SAO JORGE,60-69,5244
CENTRO DE SAUDE SAO JORGE,70+,5327
CENTRO DE SAUDE SAO JOSE,0-4,363
CENTRO DE SAUDE SAO JOSE,5-9,421
CENTRO DE SAUDE SAO JOSE,10-14,446
CENTRO DE SAUDE SAO JOSE,15-19,510
CENTRO DE SAUDE SAO JOSE,20-24,643
CENTRO DE SAUDE SAO JOSE,25-29,600
CENTRO DE SAUDE SAO JOSE,30-39,1158
CENTRO DE SAUDE SAO JOSE,40-49,1197
CENTRO DE SAUDE SAO JOSE,50-59,1147
CENTRO DE SAUDE SAO JOSE,60-69,783
CENTRO DE SAUDE SAO JOSE,70+,811
CENTRO DE SAUDE SAO JOSE OPERARIO,0-4,332
CENTRO DE SAUDE SAO JOSE OPERARIO,5-9,389
CENTRO DE SAUDE SAO JOSE OPERARIO,10-14,412
CENTRO DE SAUDE SAO JOSE OPERARIO,15-19,459
CENTRO DE SAUDE SAO JOSE OPERARIO,20-24,598
CENTRO DE SAUDE SAO JOSE OPERARIO,25-29,537
CENTRO DE SAUDE SAO JOSE OPERARIO,30-39,1143
CENTRO DE SAUDE SAO JOSE OPERARIO,40-49,1228
CENTRO DE SAUDE SAO JOSE OPERARIO,50-59,1207
CENTRO DE SAUDE SAO JOSE OPERARIO,60-69,1034
CENTRO DE SAUDE SAO JOSE OPERARIO,70+,985
CENTRO DE SAUDE SAO MARCOS,0-4,505
CENTRO DE SAUDE SAO MARCOS,5-9,629
CENTRO DE SAUDE SAO MARCOS,10-14,597
CENTRO DE SAUDE SAO MARCOS,15-19,660
CENTRO DE SAUDE SAO MARCOS,20-24,726
CENTRO DE SAUDE SAO MARCOS,25-29,712
CENTRO DE SAUDE SAO MARCOS,30-39,1593
CENTRO DE SAUDE SAO MARCOS,40-49,1733
CENTRO DE SAUDE SAO MARCOS,50-59,1425
CENTRO DE SAUDE SAO MARCOS,60-69,1102
CENTRO DE SAUDE SAO MARCOS,70+,737
CENTRO DE SAUDE SAO MIGUEL ARCANJO,0-4,781
CENTRO DE SAUDE SAO MIGUEL ARCANJO,5-9,799
CENTRO DE SAUDE SAO MIGUEL ARCANJO,10-14,805
CENTRO DE SAUDE SAO MIGUEL ARCANJO,15-19,858
CENTRO DE SAUDE SAO MIGUEL ARCANJO,20-24,1006
CENTRO DE SAUDE SAO MIGUEL ARCANJO,25-29,900
CENTRO DE SAUDE SAO MIGUEL ARCANJO,30-39,1632
CENTRO DE SAUDE SAO MIGUEL ARCANJO,40-49,1278
CENTRO DE SAUDE SAO MIGUEL ARCANJO,50-59,852
CENTRO DE SAUDE SAO MIGUEL ARCANJO,60-69,548
CENTRO DE SAUDE SAO MIGUEL ARCANJO,70+,329
CENTRO DE SAUDE SAO PAULO,0-4,553
CENTRO DE SAUDE SAO PAULO,5-9,629
CENTRO DE SAUDE SAO PAULO,10-14,633
CENTRO DE SAUDE SAO PAULO,15-19,710
CENTRO DE SAUDE SAO PAULO,20-24,919
CENTRO DE SAUDE SAO PAULO,25-29,920
CENTRO DE SAUDE SAO PAULO,30-39,1739
CENTRO DE SAUDE SAO PAULO,40-49,1734
CENTRO DE SAUDE SAO PAULO,50-59,1668
CENTRO DE SAUDE SAO PAULO,60-69,1257
CENTRO DE SAUDE SAO PAULO,70+,1123
CENTRO DE SAUDE SAO TOMAZ,0-4,463
CENTRO DE SAUDE SAO TOMAZ,5-9,502
CENTRO DE SAUDE SAO TOMAZ,10-14,494
CENTRO DE SAUDE SAO TOMAZ,15-19,604
CENTRO DE SAUDE SAO TOMAZ,20-24,765
CENTRO DE SAUDE SAO TOMAZ,25-29,761
CENTRO DE SAUDE SAO TOMAZ,30-39,1250
CENTRO DE SAUDE SAO TOMAZ,40-49,1419
CENTRO DE SAUDE SAO TOMAZ,50-59,1434
CENTRO DE SAUDE SAO TOMAZ,60-69,1007
CENTRO DE SAUDE SAO TOMAZ,70+,1171
CENTRO DE SAUDE SERRA VERDE,0-4,664
CENTRO DE SAUDE SERRA VERDE,5-9,784
CENTRO DE SAUDE SERRA VERDE,10-14,842
CENTRO DE SAUDE SERRA VERDE,15-19,897
CENTRO DE SAUDE SERRA VERDE,20-24,1073
CENTRO DE SAUDE SERRA VERDE,25-29,932
CENTRO DE SAUDE SERRA VERDE,30-39,2034
CENTRO DE SAUDE SERRA VERDE,40-49,2403
CENTRO DE SAUDE SERRA VERDE,50-59,1809
CENTRO DE SAUDE SERRA VERDE,60-69,1458
CENTRO DE SAUDE SERRA VERDE,70+,1040
CENTRO DE SAUDE SERRANO,0-4,1225
CENTRO DE SAUDE SERRANO,5-9,1364
CENTRO DE SAUDE SERRANO,10-14,1223
CENTRO DE SAUDE SERRANO,15-19,1266
CENTRO DE SAUDE SERRANO,20-24,1527
CENTRO DE SAUDE SERRANO,25-29,1679
CENTRO DE SAUDE SERRANO,30-39,4129
CENTRO DE SAUDE SERRANO,40-49,4541
CENTRO DE SAUDE SERRANO,50-59,3624
CENTRO DE SAUDE SERRANO,60-69,2740
CENTRO DE SAUDE SERRANO,70+,3012
CENTRO DE SAUDE TAQUARIL,0-4,915
CENTRO DE SAUDE TAQUARIL,5-9,1049
CENTRO DE SAUDE TAQUARIL,10-14,1070
CENTRO DE SAUDE TAQUARIL,15-19,1023
CENTRO DE SAUDE TAQUARIL,20-24,1238
CENTRO DE SAUDE TAQUARIL,25-29,1272
CENTRO DE SAUDE TAQUARIL,30-39,2275
CENTRO DE SAUDE TAQUARIL,40-49,2138
CENTRO DE SAUDE TAQUARIL,50-59,1691
CENTRO DE SAUDE TAQUARIL,60-69,1082
CENTRO DE SAUDE TAQUARIL,70+,743
CENTRO DE SAUDE TIA AMANCIA,0-4,674
CENTRO DE SAUDE TIA AMANCIA,5-9,721
CENTRO DE SAUDE TIA AMANCIA,10-14,641
CENTRO DE SAUDE TIA AMANCIA,15-19,673
CENTRO DE SAUDE TIA AMANCIA,20-24,769
CENTRO DE SAUDE TIA AMANCIA,25-29,1035
CENTRO DE SAUDE TIA AMANCIA,30-39,2482
CENTRO DE SAUDE TIA AMANCIA,40-49,2626
CENTRO DE SAUDE TIA AMANCIA,50-59,2087
CENTRO DE SAUDE TIA AMANCIA,60-69,2486
CENTRO DE SAUDE TIA AMANCIA,70+,3377
CENTRO DE SAUDE TIROL - FRANCISCO GOMES BARBOSA,0-4,600
CENTRO DE SAUDE TIROL - FRANCISCO GOMES BARBOSA,5-9,743
CENTRO DE SAUDE TIROL - FRANCISCO GOMES BARBOSA,10-14,706
CENTRO DE SAUDE TIROL - FRANCISCO GOMES BARBOSA,15-19,784
CENTRO DE SAUDE TIROL - FRANCISCO GOMES BARBOSA,20-24,976
CENTRO DE SAUDE TIROL - FRANCISCO GOMES BARBOSA,25-29,1082
CENTRO DE SAUDE TIROL - FRANCISCO GOMES BARBOSA,30-39,2103
CENTRO DE SAUDE TIROL - FRANCISCO GOMES BARBOSA,40-49,2329
CENTRO DE SAUDE TIROL - FRANCISCO GOMES BARBOSA,50-59,2218
CENTRO DE SAUDE TIROL - FRANCISCO GOMES BARBOSA,60-69,1523
CENTRO DE SAUDE TIROL - FRANCISCO GOMES BARBOSA,70+,1364
CENTRO DE SAUDE TREVO,0-4,874
CENTRO DE SAUDE TREVO,5-9,1036
CENTRO DE SAUDE TREVO,10-14,993
CENTRO DE SAUDE TREVO,15-19,1069
CENTRO DE SAUDE TREVO,20-24,1090
CENTRO DE SAUDE TREVO,25-29,1180
CENTRO DE SAUDE TREVO,30-39,2182
CENTRO DE SAUDE TREVO,40-49,2292
CENTRO DE SAUDE TREVO,50-59,1877
CENTRO DE SAUDE TREVO,60-69,1096
CENTRO DE SAUDE TREVO,70+,790
CENTRO DE SAUDE TUPI,0-4,420
CENTRO DE SAUDE TUPI,5-9,439
CENTRO DE SAUDE TUPI,10-14,496
CENTRO DE SAUDE TUPI,15-19,532
CENTRO DE SAUDE TUPI,20-24,657
CENTRO DE SAUDE TUPI,25-29,640
CENTRO DE SAUDE TUPI,30-39,1194
CENTRO DE SAUDE TUPI,40-49,1337
CENTRO DE SAUDE TUPI,50-59,1215
CENTRO DE SAUDE TUPI,60-69,756
CENTRO DE SAUDE TUPI,70+,747
CENTRO DE SAUDE URUCUIA,0-4,1002
CENTRO DE SAUDE URUCUIA,5-9,1064
CENTRO DE SAUDE URUCUIA,10-14,1063
CENTRO DE SAUDE URUCUIA,15-19,1040
CENTRO DE SAUDE URUCUIA,20-24,1302
CENTRO DE SAUDE URUCUIA,25-29,1322
CENTRO DE SAUDE URUCUIA,30-39,2816
CENTRO DE SAUDE URUCUIA,40-49,2755
CENTRO DE SAUDE URUCUIA,50-59,2110
CENTRO DE SAUDE URUCUIA,60-69,1531
CENTRO DE SAUDE URUCUIA,70+,1041
CENTRO DE SAUDE VALE DO JATOBA,0-4,803
CENTRO DE SAUDE VALE DO JATOBA,5-9,968
CENTRO DE SAUDE VALE DO JATOBA,10-14,921
CENTRO DE SAUDE VALE DO JATOBA,15-19,1050
CENTRO DE SAUDE VALE DO JATOBA,20-24,1157
CENTRO DE SAUDE VALE DO JATOBA,25-29,1169
CENTRO DE SAUDE VALE DO JATOBA,30-39,2212
CENTRO DE SAUDE VALE DO JATOBA,40-49,2256
CENTRO DE SAUDE VALE DO JATOBA,50-59,2145
CENTRO DE SAUDE VALE DO JATOBA,60-69,1527
CENTRO DE SAUDE VALE DO JATOBA,70+,1204
CENTRO DE SAUDE VENTOSA,0-4,1136
CENTRO DE SAUDE VENTOSA,5-9,1179
CENTRO DE SAUDE VENTOSA,10-14,1240
CENTRO DE SAUDE VENTOSA,15-19,1322
CENTRO DE SAUDE VENTOSA,20-24,1486
CENTRO DE SAUDE VENTOSA,25-29,1722
CENTRO DE SAUDE VENTOSA,30-39,3641
CENTRO DE SAUDE VENTOSA,40-49,3522
CENTRO DE SAUDE VENTOSA,50-59,2764
CENTRO DE SAUDE VENTOSA,60-69,2299
CENTRO DE SAUDE VENTOSA,70+,1794
CENTRO DE SAUDE VERA CRUZ,0-4,628
CENTRO DE SAUDE VERA CRUZ,5-9,751
CENTRO DE SAUDE VERA CRUZ,10-14,773
CENTRO DE SAUDE VERA CRUZ,15-19,825
CENTRO DE SAUDE VERA CRUZ,20-24,951
CENTRO DE SAUDE VERA CRUZ,25-29,993
CENTRO DE SAUDE VERA CRUZ,30-39,1988
CENTRO DE SAUDE VERA CRUZ,40-49,1887
CENTRO DE SAUDE VERA CRUZ,50-59,1967
CENTRO DE SAUDE VERA CRUZ,60-69,1576
CENTRO DE SAUDE VERA CRUZ,70+,1373
CENTRO DE SAUDE VILA CEMIG,0-4,607
CENTRO DE SAUDE VILA CEMIG,5-9,616
CENTRO DE SAUDE VILA CEMIG,10-14,613
CENTRO DE SAUDE VILA CEMIG,15-19,626
CENTRO DE SAUDE VILA CEMIG,20-24,714
CENTRO DE SAUDE VILA CEMIG,25-29,682
CENTRO DE SAUDE VILA CEMIG,30-39,1166
CENTRO DE SAUDE VILA CEMIG,40-49,1080
CENTRO DE SAUDE VILA CEMIG,50-59,770
CENTRO DE SAUDE VILA CEMIG,60-69,496
CENTRO DE SAUDE VILA CEMIG,70+,343
CENTRO DE SAUDE VILA IMPERIAL,0-4,397
CENTRO DE SAUDE VILA IMPERIAL,5-9,442
CENTRO DE SAUDE VILA IMPERIAL,10-14,421
CENTRO DE SAUDE VILA IMPERIAL,15-19,483
CENTRO DE SAUDE VILA IMPERIAL,20-24,542
CENTRO DE SAUDE VILA IMPERIAL,25-29,586
CENTRO DE SAUDE VILA IMPERIAL,30-39,1118
CENTRO DE SAUDE VILA IMPERIAL,40-49,1150
CENTRO DE SAUDE VILA IMPERIAL,50-59,1033
CENTRO DE SAUDE VILA IMPERIAL,60-69,777
CENTRO DE SAUDE VILA IMPERIAL,70+,618
CENTRO DE SAUDE VILA LEONINA,0-4,1312
CENTRO DE SAUDE VILA LEONINA,5-9,1505
CENTRO DE SAUDE VILA LEONINA,10-14,1508
CENTRO DE SAUDE VILA LEONINA,15-19,1610
CENTRO DE SAUDE VILA LEONINA,20-24,2086
CENTRO DE SAUDE VILA LEONINA,25-29,2022
CENTRO DE SAUDE VILA LEONINA,30-39,3803
CENTRO DE SAUDE VILA LEONINA,40-49,3819
CENTRO DE SAUDE VILA LEONINA,50-59,2872
CENTRO DE SAUDE VILA LEONINA,60-69,1863
CENTRO DE SAUDE VILA LEONINA,70+,1367
CENTRO DE SAUDE VILA MARIA,0-4,796
CENTRO DE SAUDE VILA MARIA,5-9,925
CENTRO DE SAUDE VILA MARIA,10-14,879
CENTRO DE SAUDE VILA MARIA,15-19,890
CENTRO DE SAUDE VILA MARIA,20-24,1079
CENTRO DE SAUDE VILA MARIA,25-29,945
CENTRO DE SAUDE VILA MARIA,30-39,1965
CENTRO DE SAUDE VILA MARIA,40-49,1972
CENTRO DE SAUDE VILA MARIA,50-59,1253
CENTRO DE SAUDE VILA MARIA,60-69,971
CENTRO DE SAUDE VILA MARIA,70+,612
CENTRO DE SAUDE VILA PINHO,0-4,1080
CENTRO DE SAUDE VILA PINHO,5-9,1269
CENTRO DE SAUDE VILA PINHO,10-14,1300
CENTRO DE SAUDE VILA PINHO,15-19,1330
CENTRO DE SAUDE VILA PINHO,20-24,1410
CENTRO DE SAUDE VILA PINHO,25-29,1213
CENTRO DE SAUDE VILA PINHO,30-39,2583
CENTRO DE SAUDE VILA PINHO,40-49,2625
CENTRO DE SAUDE VILA PINHO,50-59,1654
CENTRO DE SAUDE VILA PINHO,60-69,1207
CENTRO DE SAUDE VILA PINHO,70+,700
CENTRO DE SAUDE VILAS REUNIDAS - LEOPOLDO CRISOSTOMO DE CASTRO,0-4,1054
CENTRO DE SAUDE VILAS REUNIDAS - LEOPOLDO CRISOSTOMO DE CASTRO,5-9,1246
CENTRO DE SAUDE VILAS REUNIDAS - LEOPOLDO CRISOSTOMO DE CASTRO,10-14,1210
CENTRO DE SAUDE VILAS REUNIDAS - LEOPOLDO CRISOSTOMO DE CASTRO,15-19,1199
CENTRO DE SAUDE VILAS REUNIDAS - LEOPOLDO CRISOSTOMO DE CASTRO,20-24,1540
CENTRO DE SAUDE VILAS REUNIDAS - LEOPOLDO CRISOSTOMO DE CASTRO,25-29,1825
CENTRO DE SAUDE VILAS REUNIDAS - LEOPOLDO CRISOSTOMO DE CASTRO,30-39,4016
CENTRO DE SAUDE VILAS REUNIDAS - LEOPOLDO CRISOSTOMO DE CASTRO,40-49,4067
CENTRO DE SAUDE VILAS REUNIDAS - LEOPOLDO CRISOSTOMO DE CASTRO,50-59,3618
CENTRO DE SAUDE VILAS REUNIDAS - LEOPOLDO CRISOSTOMO DE CASTRO,60-69,3784
CENTRO DE SAUDE VILAS REUNIDAS - LEOPOLDO CRISOSTOMO DE CASTRO,70+,3725
CENTRO DE SAUDE VISTA ALEGRE,0-4,560
CENTRO DE SAUDE VISTA ALEGRE,5-9,703
CENTRO DE SAUDE VISTA ALEGRE,10-14,660
CENTRO DE SAUDE VISTA ALEGRE,15-19,793
CENTRO DE SAUDE VISTA ALEGRE,20-24,948
CENTRO DE SAUDE VISTA ALEGRE,25-29,935
CENTRO DE SAUDE VISTA ALEGRE,30-39,1605
CENTRO DE SAUDE VISTA ALEGRE,40-49,1662
CENTRO DE SAUDE VISTA ALEGRE,50-59,1640
CENTRO DE SAUDE VISTA ALEGRE,60-69,1248
CENTRO DE SAUDE VISTA ALEGRE,70+,980
CENTRO DE SAUDE WALDOMIRO LOBO,0-4,344
CENTRO DE SAUDE WALDOMIRO LOBO,5-9,356
CENTRO DE SAUDE WALDOMIRO LOBO,10-14,371
CENTRO DE SAUDE WALDOMIRO LOBO,15-19,382
CENTRO DE SAUDE WALDOMIRO LOBO,20-24,535
CENTRO DE SAUDE WALDOMIRO LOBO,25-29,509
CENTRO DE SAUDE WALDOMIRO LOBO,30-39,844
CENTRO DE SAUDE WALDOMIRO LOBO,40-49,856
CENTRO DE SAUDE WALDOMIRO LOBO,50-59,791
CENTRO DE SAUDE WALDOMIRO LOBO,60-69,518
CENTRO DE SAUDE WALDOMIRO LOBO,70+,391
CENTRO DE SAUDE ZILAH SPOSITO,0-4,976
CENTRO DE SAUDE ZILAH SPOSITO,5-9,992
CENTRO DE SAUDE ZILAH SPOSITO,10-14,952
CENTRO DE SAUDE ZILAH SPOSITO,15-19,919
CENTRO DE SAUDE ZILAH SPOSITO,20-24,930
CENTRO DE SAUDE ZILAH SPOSITO,25-29,1028
CENTRO DE SAUDE ZILAH SPOSITO,30-39,1826
CENTRO DE SAUDE ZILAH SPOSITO,40-49,1670
CENTRO DE SAUDE ZILAH SPOSITO,50-59,1222
CENTRO DE SAUDE ZILAH SPOSITO,60-69,616
CENTRO DE SAUDE ZILAH SPOSITO,70+,246
